,seqOrSplice,spliceRule,spliceTaxa
Abutilon_theophrasti,seq,,
Acalypha_deamii,** SPLICE **,genus,
Acalypha_ostryifolia,** SPLICE **,genus,
Acalypha_rhomboidea,seq,,
Acalypha_virginica,** SPLICE **,genus,
Acer_negundo,seq,,
Acer_nigrum,** SPLICE **,genus,
Acer_platanoides,seq,,
Acer_rubrum,seq,,
Acer_saccharinum,seq,,
Acer_saccharum,seq,,
Achillea_millefolium,seq,,
Acorus_americanus,seq,,
Acorus_calamus,seq,,
Actaea_pachypoda,seq,,
Actaea_rubra,seq,,
Adiantum_pedatum,seq,,
Aegilops_cylindrica,seq,,
Aegopodium_podagraria,seq,,
Aesculus_glabra,seq,,
Agalinis_paupercula,seq,,
Agalinis_purpurea,seq,,
Agalinis_tenuifolia,seq,,
Agastache_nepetoides,seq,,
Agastache_scrophulariifolia,seq,,
Ageratina_altissima,** SPLICE **,genus,
Agrimonia_gryposepala,** SPLICE **,genus,
Agrimonia_parviflora,seq,,
Agrimonia_pubescens,** SPLICE **,genus,
Agrimonia_rostellata,** SPLICE **,genus,
Agrostemma_githago,seq,,
Agrostis_gigantea,seq,,
Agrostis_hyemalis,seq,,
Agrostis_perennans,** SPLICE **,genus,
Agrostis_scabra,seq,,
Agrostis_stolonifera,seq,,
Ailanthus_altissima,seq,,
Ajuga_reptans,seq,,
Alcea_rosea,seq,,
Alisma_subcordatum,seq,,
Alliaria_petiolata,seq,,
Allium_canadense,** SPLICE **,genus,
Allium_cernuum,seq,,
Allium_tricoccum,** SPLICE **,genus,
Allium_vineale,seq,,
Alnus_glutinosa,seq,,
Alopecurus_aequalis,seq,,
Alopecurus_carolinianus,** SPLICE **,genus,
Alopecurus_pratensis,seq,,
Amaranthus_albus,seq,,
Amaranthus_arenicola,** SPLICE **,genus,
Amaranthus_blitoides,seq,,
Amaranthus_hybridus,seq,,
Amaranthus_retroflexus,seq,,
Amaranthus_spinosus,seq,,
Amaranthus_tuberculatus,** SPLICE **,genus,
Ambrosia_artemisiifolia,seq,,
Ambrosia_trifida,seq,,
Amorpha_fruticosa,seq,,
Amphicarpaea_bracteata,seq,,
Andropogon_gerardii,seq,,
Andropogon_virginicus,** SPLICE **,genus,
Anemone_canadensis,seq,,
Anemone_virginiana,** SPLICE **,genus,
Angelica_atropurpurea,** SPLICE **,genus,
Antennaria_neglecta,** SPLICE **,genus,
Antennaria_parlinii,** SPLICE **,genus,
Antennaria_plantaginifolia,** SPLICE **,genus,
Anthemis_arvensis,seq,,
Anthemis_cotula,seq,,
Apios_americana,seq,,
Aplectrum_hyemale,seq,,
Apocynum_androsaemifolium,seq,,
Apocynum_cannabinum,seq,,
Aquilegia_canadensis,seq,,
Arabis_hirsuta,seq,,
Arabis_laevigata,** SPLICE **,genus,
Arabis_shortii,** SPLICE **,genus,
Aralia_hispida,seq,,
Aralia_racemosa,seq,,
Aralia_spinosa,seq,,
Arctium_minus,seq,,
Arenaria_serpyllifolia,seq,,
Arisaema_dracontium,seq,,
Arisaema_triphyllum,seq,,
Aristida_longespica,seq,,
Aristida_oligantha,seq,,
Aristolochia_serpentaria,seq,,
Aristolochia_tomentosa,seq,,
Armoracia_rusticana,seq,,
Arnoglossum_atriplicifolium,seq,,
Arnoglossum_plantagineum,seq,,
Arnoglossum_reniforme,** SPLICE **,genus,
Arrhenatherum_elatius,seq,,
Artemisia_annua,seq,,
Artemisia_biennis,seq,,
Artemisia_vulgaris,seq,,
Asarum_canadense,seq,,
Asclepias_exaltata,seq,,
Asclepias_hirtella,** SPLICE **,genus,
Asclepias_incarnata,seq,,
Asclepias_quadrifolia,** SPLICE **,genus,
Asclepias_sullivantii,** SPLICE **,genus,
Asclepias_syriaca,seq,,
Asclepias_tuberosa,seq,,
Asclepias_verticillata,** SPLICE **,genus,
Asimina_triloba,seq,,
Asparagus_officinalis,seq,,
Asplenium_platyneuron,seq,,
Asplenium_rhizophyllum,seq,,
Athyrium_filix-femina,** SPLICE **,genus,
Atriplex_patula,seq,,
Atriplex_prostrata,seq,,
Azolla_caroliniana,seq,,
Baptisia_alba,seq,,
Barbarea_verna,seq,,
Barbarea_vulgaris,seq,,
Bartonia_paniculata,** SPLICE **,genus,
Belamcanda_chinensis,** SPLICE **,mrca,Sisyrinchium_angustifolium|Iris_germanica
Berberis_thunbergii,seq,,
Betula_nigra,seq,,
Betula_papyrifera,seq,,
Bidens_aristosa,** SPLICE **,genus,
Bidens_bipinnata,** SPLICE **,genus,
Bidens_cernua,seq,,
Bidens_connata,** SPLICE **,genus,
Bidens_coronata,** SPLICE **,genus,
Bidens_frondosa,seq,,
Bidens_tripartita,seq,,
Bidens_vulgata,** SPLICE **,genus,
Blephilia_ciliata,seq,,
Blephilia_hirsuta,seq,,
Boehmeria_cylindrica,** SPLICE **,genus,
Boltonia_asteroides,seq,,
Botrychium_dissectum,** SPLICE **,genus,
Botrychium_virginianum,seq,,
Brachyelytrum_erectum,seq,,
Brassica_juncea,seq,,
Brassica_nigra,seq,,
Brassica_rapa,seq,,
Bromus_arvensis,seq,,
Bromus_inermis,seq,,
Bromus_kalmii,seq,,
Bromus_latiglumis,seq,,
Bromus_racemosus,** SPLICE **,genus,
Bromus_secalinus,seq,,
Bromus_tectorum,seq,,
Buglossoides_arvensis,seq,,
Calamagrostis_canadensis,seq,,
Calopogon_tuberosus,seq,,
Caltha_palustris,seq,,
Calystegia_hederacea,** SPLICE **,genus,
Calystegia_pellita,** SPLICE **,genus,
Calystegia_sepium,seq,,
Calystegia_silvatica,seq,,
Camassia_scilloides,** SPLICE **,genus,
Camelina_microcarpa,seq,,
Campanula_americana,** SPLICE **,genus,
Campanula_aparinoides,seq,,
Campsis_radicans,seq,,
Cannabis_sativa,seq,,
Capsella_bursa-pastoris,** SPLICE **,genus,
Cardamine_bulbosa,seq,,
Cardamine_concatenata,seq,,
Cardamine_douglassii,seq,,
Cardamine_hirsuta,seq,,
Cardamine_pensylvanica,seq,,
Cardaria_draba,** SPLICE **,mrca,Lepidium_campestre|Lepidium_densiflorum
Carduus_nutans,seq,,
Carex_albicans,** SPLICE **,mrca,Carex_communis|Carex_umbellata
Carex_albursina,seq,,
Carex_amphibola,seq,,
Carex_atherodes,** SPLICE **,sister,Carex_trichocarpa
Carex_atlantica,** SPLICE **,mrca,Carex_echinata|Carex_sterilis
Carex_bicknellii,seq,,
Carex_blanda,seq,,
Carex_brevior,seq,,
Carex_bromoides,seq,,
Carex_buxbaumii,seq,,
Carex_careyana,** SPLICE **,mrca,Carex_digitalis|Carex_grisea
Carex_cephalophora,seq,,
Carex_communis,seq,,
Carex_comosa,seq,,
Carex_conjuncta,seq,,
Carex_crinita,seq,,
Carex_cristatella,seq,,
Carex_davisii,** SPLICE **,sister,Carex_gracillima
Carex_digitalis,seq,,
Carex_echinata,seq,,
Carex_emoryi,** SPLICE **,sister,Carex_stricta
Carex_festucacea,seq,,
Carex_frankii,** SPLICE **,sister,Carex_squarrosa
Carex_gracilescens,** SPLICE **,mrca,Carex_albursina|Carex_laxiflora
Carex_gracillima,seq,,
Carex_granularis,seq,,
Carex_grayi,seq,,
Carex_grisea,seq,,
Carex_hirsutella,** SPLICE **,sister,Carex_swanii
Carex_hirtifolia,seq,,
Carex_hitchcockiana,seq,,
Carex_hyalinolepis,** SPLICE **,mrca,Carex_intumescens|Carex_trichocarpa
Carex_hystericina,seq,,
Carex_intumescens,seq,,
Carex_jamesii,seq,,
Carex_lacustris,** SPLICE **,mrca,Carex_intumescens|Carex_trichocarpa
Carex_laevivaginata,seq,,
Carex_laxiculmis,** SPLICE **,mrca,Carex_albursina|Carex_laxiflora
Carex_laxiflora,seq,,
Carex_leavenworthii,seq,,
Carex_leptalea,seq,,
Carex_lupuliformis,** SPLICE **,sister,Carex_lupulina
Carex_lupulina,seq,,
Carex_lurida,seq,,
Carex_meadii,** SPLICE **,mrca,Carex_albursina|Carex_laxiflora
Carex_molesta,seq,,
Carex_muskingumensis,seq,,
Carex_normalis,seq,,
Carex_oligocarpa,seq,,
Carex_pellita,** SPLICE **,sister,Carex_hyalinolepis
Carex_pensylvanica,seq,,
Carex_prairea,seq,,
Carex_radiata,seq,,
Carex_rosea,seq,,
Carex_sartwellii,seq,,
Carex_scoparia,** SPLICE **,sister,Carex_suberecta
Carex_shortiana,seq,,
Carex_sparganioides,seq,,
Carex_squarrosa,seq,,
Carex_sterilis,seq,,
Carex_stipata,seq,,
Carex_stricta,seq,,
Carex_suberecta,seq,,
Carex_swanii,seq,,
Carex_tenera,** SPLICE **,sister,Carex_normalis
Carex_tribuloides,seq,,
Carex_trichocarpa,seq,,
Carex_umbellata,seq,,
Carex_utriculata,** SPLICE **,mrca,Carex_intumescens|Carex_trichocarpa
Carex_vulpinoidea,seq,,
Carex_willdenowii,seq,,
Carex_woodii,** SPLICE **,sister,Carex_meadii
Carpinus_caroliniana,seq,,
Carya_cordiformis,seq,,
Carya_glabra,seq,,
Carya_laciniosa,** SPLICE **,genus,
Carya_ovata,seq,,
Carya_tomentosa,seq,,
Catalpa_bignonioides,seq,,
Catalpa_speciosa,seq,,
Caulophyllum_thalictroides,seq,,
Ceanothus_americanus,seq,,
Celastrus_orbiculatus,seq,,
Celastrus_scandens,seq,,
Celtis_occidentalis,seq,,
Cenchrus_longispinus,** SPLICE **,genus,
Cenchrus_spinifex,** SPLICE **,genus,
Centaurea_stoebe,** SPLICE **,genus,
Cephalanthus_occidentalis,seq,,
Cerastium_fontanum,seq,,
Cerastium_nutans,seq,,
Ceratophyllum_demersum,seq,,
Cercis_canadensis,seq,,
Chaenorhinum_minus,seq,,
Chaerophyllum_procumbens,seq,,
Chaerophyllum_tainturieri,seq,,
Chamaecrista_fasciculata,seq,,
Chasmanthium_latifolium,seq,,
Chelidonium_majus,seq,,
Chelone_glabra,seq,,
Chelone_obliqua,seq,,
Chenopodium_album,seq,,
Chenopodium_glaucum,** SPLICE **,genus,
Chenopodium_murale,seq,,
Chenopodium_simplex,** SPLICE **,genus,
Chenopodium_standleyanum,** SPLICE **,genus,
Chenopodium_urbicum,seq,,
Cichorium_intybus,seq,,
Cicuta_maculata,** SPLICE **,genus,
Cinna_arundinacea,seq,,
Circaea_lutetiana,seq,,
Cirsium_altissimum,** SPLICE **,genus,
Cirsium_arvense,seq,,
Cirsium_discolor,seq,,
Cirsium_muticum,seq,,
Cirsium_vulgare,seq,,
Claytonia_virginica,seq,,
Clematis_viorna,** SPLICE **,genus,
Clematis_virginiana,seq,,
Collinsia_verna,seq,,
Collinsonia_canadensis,seq,,
Comandra_umbellata,seq,,
Comarum_palustre,seq,,
Commelina_communis,seq,,
Conium_maculatum,seq,,
Conoclinium_coelestinum,seq,,
Conopholis_americana,seq,,
Conringia_orientalis,seq,,
Convallaria_majalis,seq,,
Convolvulus_arvensis,seq,,
Conyza_canadensis,seq,,
Corallorhiza_odontorhiza,seq,,
Coreopsis_lanceolata,seq,,
Coreopsis_tripteris,seq,,
Cornus_alternifolia,seq,,
Cornus_amomum,seq,,
Cornus_drummondii,seq,,
Cornus_florida,seq,,
Cornus_obliqua,seq,,
Cornus_racemosa,seq,,
Cornus_sericea,seq,,
Corydalis_flavula,seq,,
Corylus_americana,seq,,
Cotinus_coggygria,seq,,
Crataegus_calpodendron,seq,,
Crataegus_crus-galli,** SPLICE **,genus,
Crataegus_disperma,** SPLICE **,genus,
Crataegus_grandis,** SPLICE **,genus,
Crataegus_macrosperma,** SPLICE **,genus,
Crataegus_margarettiae,** SPLICE **,genus,
Crataegus_mollis,** SPLICE **,genus,
Crataegus_pruinosa,** SPLICE **,genus,
Crataegus_punctata,** SPLICE **,genus,
Crataegus_succulenta,** SPLICE **,genus,
Croton_glandulosus,seq,,
Croton_monanthogynus,seq,,
Cryptotaenia_canadensis,seq,,
Cuscuta_gronovii,seq,,
Cuscuta_polygonorum,** SPLICE **,genus,
Cycloloma_atriplicifolium,seq,,
Cynanchum_laeve,** SPLICE **,genus,
Cynodon_dactylon,seq,,
Cynoglossum_officinale,seq,,
Cyperus_bipartitus,** SPLICE **,genus,
Cyperus_erythrorhizos,** SPLICE **,genus,
Cyperus_esculentus,seq,,
Cyperus_lupulinus,** SPLICE **,genus,
Cyperus_odoratus,** SPLICE **,genus,
Cyperus_squarrosus,seq,,
Cyperus_strigosus,seq,,
Cypripedium_reginae,seq,,
Cystopteris_bulbifera,** SPLICE **,genus,
Cystopteris_protrusa,** SPLICE **,genus,
Cystopteris_tennesseensis,** SPLICE **,genus,
Dactylis_glomerata,seq,,
Dalea_purpurea,seq,,
Danthonia_spicata,seq,,
Dasiphora_fruticosa,seq,,
Dasistoma_macrophylla,seq,,
Datura_stramonium,seq,,
Daucus_carota,seq,,
Decodon_verticillatus,seq,,
Delphinium_tricorne,seq,,
Deparia_acrostichoides,** SPLICE **,mrca,Dryopteris_carthusiana|Thelypteris_palustris
Deschampsia_cespitosa,seq,,
Descurainia_pinnata,seq,,
Desmanthus_illinoensis,seq,,
Desmodium_canadense,** SPLICE **,genus,
Desmodium_canescens,seq,,
Desmodium_glabellum,** SPLICE **,genus,
Desmodium_glutinosum,seq,,
Desmodium_nudiflorum,seq,,
Desmodium_paniculatum,** SPLICE **,genus,
Desmodium_pauciflorum,seq,,
Desmodium_perplexum,** SPLICE **,genus,
Dianthus_armeria,seq,,
Diarrhena_americana,seq,,
Dicentra_canadensis,** SPLICE **,genus,
Dicentra_cucullaria,** SPLICE **,genus,
Dichanthelium_acuminatum,** SPLICE **,mrca,Panicum_capillare|Panicum_virgatum
Dichanthelium_clandestinum,** SPLICE **,genus,
Dichanthelium_commutatum,** SPLICE **,genus,
Dichanthelium_latifolium,** SPLICE **,genus,
Dichanthelium_oligosanthes,** SPLICE **,genus,
Digitaria_cognata,** SPLICE **,genus,
Digitaria_ischaemum,** SPLICE **,genus,
Digitaria_sanguinalis,seq,,
Diodia_teres,** SPLICE **,genus,
Dioscorea_quaternata,** SPLICE **,genus,
Dioscorea_villosa,seq,,
Diospyros_virginiana,seq,,
Diplazium_pycnocarpon,** SPLICE **,genus,
Dipsacus_fullonum,seq,,
Dipsacus_laciniatus,seq,,
Dirca_palustris,seq,,
Dodecatheon_meadia,** SPLICE **,genus,
Doellingeria_umbellata,seq,,
Draba_verna,seq,,
Drosera_intermedia,seq,,
Dryopteris_carthusiana,seq,,
Dryopteris_cristata,seq,,
Dryopteris_marginalis,seq,,
Duchesnea_indica,seq,,
Dulichium_arundinaceum,seq,,
Dysphania_ambrosioides,seq,,
Dysphania_botrys,seq,,
Dyssodia_papposa,seq,,
Echinacea_purpurea,seq,,
Echinochloa_crus-galli,** SPLICE **,genus,
Echinocystis_lobata,seq,,
Echium_vulgare,seq,,
Eclipta_prostrata,seq,,
Elaeagnus_angustifolia,seq,,
Elaeagnus_umbellata,seq,,
Eleocharis_acicularis,seq,,
Eleocharis_compressa,** SPLICE **,genus,
Eleocharis_erythropoda,seq,,
Eleocharis_obtusa,seq,,
Eleocharis_palustris,seq,,
Eleocharis_tenuis,seq,,
Eleusine_indica,seq,,
Ellisia_nyctelea,seq,,
Elodea_canadensis,seq,,
Elodea_nuttallii,seq,,
Elymus_canadensis,seq,,
Elymus_hystrix,seq,,
Elymus_repens,seq,,
Elymus_riparius,** SPLICE **,genus,
Elymus_villosus,** SPLICE **,genus,
Elymus_virginicus,seq,,
Enemion_biternatum,seq,,
Epifagus_virginiana,seq,,
Epilobium_coloratum,** SPLICE **,genus,
Epilobium_strictum,** SPLICE **,genus,
Equisetum_arvense,seq,,
Equisetum_hyemale,seq,,
Equisetum_laevigatum,seq,,
Eragrostis_capillaris,** SPLICE **,genus,
Eragrostis_cilianensis,seq,,
Eragrostis_frankii,** SPLICE **,genus,
Eragrostis_hypnoides,** SPLICE **,genus,
Eragrostis_pectinacea,seq,,
Eragrostis_spectabilis,seq,,
Erechtites_hieraciifolia,** SPLICE **,genus,
Erigenia_bulbosa,** SPLICE **,mrca,Sium_suave|Daucus_carota
Erigeron_annuus,seq,,
Erigeron_philadelphicus,seq,,
Erigeron_pulchellus,seq,,
Erigeron_strigosus,seq,,
Eriophorum_virginicum,** SPLICE **,genus,
Eriophorum_viridicarinatum,seq,,
Eryngium_yuccifolium,seq,,
Erysimum_cheiranthoides,seq,,
Erysimum_repandum,seq,,
Erythronium_albidum,seq,,
Erythronium_americanum,seq,,
Euonymus_alatus,seq,,
Euonymus_atropurpureus,** SPLICE **,genus,
Euonymus_fortunei,** SPLICE **,genus,
Euonymus_obovatus,** SPLICE **,genus,
Eupatorium_album,seq,,
Eupatorium_altissimum,seq,,
Eupatorium_perfoliatum,seq,,
Eupatorium_serotinum,seq,,
Euphorbia_commutata,** SPLICE **,genus,
Euphorbia_corollata,** SPLICE **,genus,
Euphorbia_cyparissias,seq,,
Euphorbia_davidii,** SPLICE **,genus,
Euphorbia_dentata,seq,,
Euphorbia_esula,seq,,
Euphorbia_maculata,seq,,
Euphorbia_marginata,** SPLICE **,genus,
Euthamia_graminifolia,seq,,
Euthamia_gymnospermoides,** SPLICE **,genus,
Eutrochium_fistulosum,seq,,
Eutrochium_maculatum,seq,,
Eutrochium_purpureum,** SPLICE **,genus,
Fagus_grandifolia,seq,,
Festuca_rubra,seq,,
Festuca_subverticillata,seq,,
Filipendula_rubra,** SPLICE **,genus,
Fimbristylis_autumnalis,** SPLICE **,genus,
Floerkea_proserpinacoides,seq,,
Fragaria_virginiana,seq,,
Frangula_alnus,seq,,
Fraxinus_americana,seq,,
Fraxinus_nigra,seq,,
Fraxinus_pennsylvanica,seq,,
Fraxinus_profunda,seq,,
Fraxinus_quadrangulata,seq,,
Froelichia_gracilis,seq,,
Galearis_spectabilis,seq,,
Galinsoga_quadriradiata,seq,,
Galium_aparine,seq,,
Galium_asprellum,** SPLICE **,genus,
Galium_circaezans,seq,,
Galium_concinnum,** SPLICE **,genus,
Galium_obtusum,seq,,
Galium_tinctorium,seq,,
Galium_trifidum,seq,,
Galium_triflorum,seq,,
Gamochaeta_purpurea,seq,,
Gaura_biennis,** SPLICE **,genus,
Gaura_mollis,** SPLICE **,genus,
Gentiana_andrewsii,** SPLICE **,genus,
Gentiana_saponaria,seq,,
Gentianella_quinquefolia,seq,,
Gentianopsis_virgata,** SPLICE **,genus,
Geranium_carolinianum,seq,,
Geranium_maculatum,** SPLICE **,genus,
Geranium_robertianum,seq,,
Geum_canadense,** SPLICE **,genus,
Geum_laciniatum,** SPLICE **,genus,
Geum_vernum,seq,,
Glechoma_hederacea,seq,,
Gleditsia_triacanthos,seq,,
Glyceria_septentrionalis,** SPLICE **,genus,
Glyceria_striata,seq,,
Gratiola_neglecta,seq,,
Grindelia_squarrosa,** SPLICE **,genus,
Gymnocladus_dioicus,** SPLICE **,genus,
Hackelia_virginiana,** SPLICE **,genus,
Hamamelis_virginiana,seq,,
Hasteola_suaveolens,** SPLICE **,mrca,Packera_aurea|Senecio_vulgaris
Hedeoma_pulegioides,** SPLICE **,genus,
Hedera_helix,seq,,
Helenium_autumnale,seq,,
Helianthus_annuus,seq,,
Helianthus_decapetalus,seq,,
Helianthus_divaricatus,seq,,
Helianthus_giganteus,seq,,
Helianthus_grosseserratus,seq,,
Helianthus_hirsutus,seq,,
Helianthus_microcephalus,seq,,
Helianthus_mollis,seq,,
Helianthus_pauciflorus,** SPLICE **,genus,
Helianthus_petiolaris,** SPLICE **,genus,
Helianthus_strumosus,** SPLICE **,genus,
Helianthus_tuberosus,seq,,
Heliopsis_helianthoides,** SPLICE **,mrca,Helianthus_annuus|Echinacea_purpurea
Hemerocallis_fulva,seq,,
Hepatica_nobilis,seq,,
Heracleum_maximum,seq,,
Hesperis_matronalis,seq,,
Heuchera_americana,seq,,
Hibiscus_laevis,seq,,
Hibiscus_moscheutos,** SPLICE **,genus,
Hibiscus_trionum,seq,,
Hordeum_jubatum,seq,,
Hordeum_pusillum,seq,,
Hosta_ventricosa,seq,,
Houstonia_longifolia,** SPLICE **,genus,
Houstonia_purpurea,seq,,
Humulus_japonicus,seq,,
Humulus_lupulus,seq,,
Hybanthus_concolor,seq,,
Hydrangea_arborescens,seq,,
Hydrangea_paniculata,seq,,
Hydrastis_canadensis,seq,,
Hydrophyllum_appendiculatum,** SPLICE **,genus,
Hydrophyllum_canadense,seq,,
Hydrophyllum_macrophyllum,** SPLICE **,genus,
Hydrophyllum_virginianum,seq,,
Hypericum_ascyron,seq,,
Hypericum_boreale,seq,,
Hypericum_canadense,** SPLICE **,genus,
Hypericum_mutilum,seq,,
Hypericum_perforatum,seq,,
Hypericum_prolificum,seq,,
Hypericum_punctatum,seq,,
Hypericum_sphaerocarpum,seq,,
Hypoxis_hirsuta,seq,,
Ilex_opaca,seq,,
Ilex_verticillata,seq,,
Impatiens_capensis,seq,,
Impatiens_pallida,seq,,
Inula_helenium,seq,,
Iodanthus_pinnatifidus,seq,,
Ipomoea_hederacea,seq,,
Ipomoea_pandurata,seq,,
Ipomoea_purpurea,seq,,
Iris_brevicaulis,seq,,
Iris_germanica,seq,,
Iris_virginica,** SPLICE **,genus,
Jeffersonia_diphylla,seq,,
Juglans_cinerea,seq,,
Juglans_nigra,seq,,
Juncus_acuminatus,** SPLICE **,genus,
Juncus_brachycephalus,seq,,
Juncus_canadensis,seq,,
Juncus_dudleyi,seq,,
Juncus_effusus,seq,,
Juncus_nodosus,seq,,
Juncus_tenuis,seq,,
Juncus_torreyi,** SPLICE **,genus,
Juniperus_virginiana,seq,,
Justicia_americana,seq,,
Krigia_biflora,seq,,
Kummerowia_stipulacea,seq,,
Kyllinga_pumila,** SPLICE **,genus,
Lactuca_biennis,seq,,
Lactuca_canadensis,seq,,
Lactuca_floridana,seq,,
Lactuca_saligna,seq,,
Lactuca_sativa,seq,,
Lactuca_serriola,seq,,
Lamium_amplexicaule,seq,,
Lamium_purpureum,seq,,
Laportea_canadensis,seq,,
Lappula_squarrosa,seq,,
Lapsana_communis,seq,,
Lathyrus_latifolius,seq,,
Lathyrus_palustris,seq,,
Leersia_lenticularis,** SPLICE **,genus,
Leersia_oryzoides,seq,,
Leersia_virginica,** SPLICE **,genus,
Lemna_minor,seq,,
Lemna_trisulca,seq,,
Leonurus_cardiaca,** SPLICE **,genus,
Lepidium_campestre,seq,,
Lepidium_densiflorum,seq,,
Lepidium_virginicum,seq,,
Lespedeza_capitata,seq,,
Lespedeza_cuneata,seq,,
Lespedeza_frutescens,seq,,
Lespedeza_violacea,seq,,
Leucanthemum_vulgare,seq,,
Leucospora_multifida,** SPLICE **,mrca,Gratiola_neglecta|Plantago_major
Liatris_spicata,seq,,
Ligustrum_obtusifolium,seq,,
Lilium_michiganense,seq,,
Linaria_vulgaris,seq,,
Lindera_benzoin,seq,,
Lindernia_dubia,** SPLICE **,genus,
Liparis_liliifolia,seq,,
Liparis_loeselii,seq,,
Lipocarpha_micrantha,** SPLICE **,genus,
Liquidambar_styraciflua,seq,,
Liriodendron_tulipifera,seq,,
Lithospermum_canescens,seq,,
Lithospermum_latifolium,seq,,
Lobelia_cardinalis,seq,,
Lobelia_inflata,seq,,
Lobelia_kalmii,seq,,
Lobelia_siphilitica,seq,,
Lobelia_spicata,** SPLICE **,genus,
Lolium_perenne,seq,,
Lolium_pratense,** SPLICE **,genus,
Lonicera_japonica,seq,,
Lonicera_maackii,seq,,
Lonicera_morrowii,seq,,
Lonicera_tatarica,seq,,
Lonicera_xbella,** SPLICE **,genus,
Lotus_corniculatus,seq,,
Ludwigia_palustris,seq,,
Ludwigia_peploides,seq,,
Lunaria_annua,seq,,
Luzula_echinata,** SPLICE **,genus,
Luzula_multiflora,seq,,
Lycium_barbarum,seq,,
Lycopus_americanus,** SPLICE **,genus,
Lycopus_rubellus,** SPLICE **,genus,
Lycopus_uniflorus,seq,,
Lycopus_virginicus,** SPLICE **,genus,
Lysimachia_ciliata,seq,,
Lysimachia_hybrida,** SPLICE **,genus,
Lysimachia_lanceolata,** SPLICE **,genus,
Lysimachia_nummularia,seq,,
Lysimachia_quadriflora,** SPLICE **,genus,
Lysimachia_quadrifolia,seq,,
Lysimachia_thyrsiflora,seq,,
Lythrum_alatum,** SPLICE **,genus,
Lythrum_salicaria,seq,,
Maclura_pomifera,seq,,
Magnolia_acuminata,seq,,
Maianthemum_racemosum,seq,,
Maianthemum_stellatum,seq,,
Malus_coronaria,** SPLICE **,genus,
Malva_neglecta,seq,,
Matricaria_discoidea,** SPLICE **,genus,
Medeola_virginiana,seq,,
Medicago_lupulina,seq,,
Medicago_sativa,seq,,
Melilotus_officinalis,seq,,
Menispermum_canadense,seq,,
Mentha_arvensis,seq,,
Mentha_spicata,seq,,
Mentha_xpiperita,** SPLICE **,genus,
Mertensia_virginica,seq,,
Mimulus_alatus,** SPLICE **,genus,
Mimulus_ringens,seq,,
Mirabilis_nyctaginea,seq,,
Mitella_diphylla,seq,,
Mollugo_verticillata,seq,,
Monarda_clinopodia,seq,,
Monarda_fistulosa,seq,,
Monotropa_hypopithys,** SPLICE **,genus,
Monotropa_uniflora,seq,,
Morus_alba,seq,,
Morus_rubra,seq,,
Muhlenbergia_frondosa,** SPLICE **,genus,
Muhlenbergia_mexicana,seq,,
Muhlenbergia_schreberi,seq,,
Muhlenbergia_sobolifera,seq,,
Muhlenbergia_tenuiflora,seq,,
Muscari_botryoides,seq,,
Myosotis_scorpioides,seq,,
Narcissus_poeticus,seq,,
Narcissus_pseudonarcissus,seq,,
Nasturtium_officinale,seq,,
Nepeta_cataria,seq,,
Nicandra_physalodes,seq,,
Nuphar_advena,seq,,
Nuphar_lutea,seq,,
Nymphaea_odorata,seq,,
Nyssa_sylvatica,seq,,
Oenothera_biennis,seq,,
Oenothera_fruticosa,seq,,
Oenothera_laciniata,seq,,
Oenothera_nutans,** SPLICE **,genus,
Oenothera_pilosella,** SPLICE **,genus,
Oenothera_speciosa,seq,,
Onoclea_sensibilis,seq,,
Onosmodium_bejariense,** SPLICE **,genus,
Ophioglossum_vulgatum,seq,,
Orbexilum_onobrychis,** SPLICE **,mrca,Baptisia_alba|Vicia_villosa
Ornithogalum_umbellatum,seq,,
Osmorhiza_claytonii,seq,,
Osmorhiza_longistylis,seq,,
Osmunda_cinnamomea,** SPLICE **,genus,
Osmunda_regalis,seq,,
Ostrya_virginiana,seq,,
Oxalis_grandis,** SPLICE **,genus,
Oxalis_stricta,seq,,
Oxalis_violacea,seq,,
Oxypolis_rigidior,seq,,
Packera_aurea,seq,,
Packera_glabella,** SPLICE **,genus,
Packera_obovata,** SPLICE **,genus,
Panax_quinquefolius,seq,,
Panicum_capillare,seq,,
Panicum_dichotomiflorum,seq,,
Panicum_gattingeri,** SPLICE **,genus,
Panicum_leibergii,** SPLICE **,genus,
Panicum_philadelphicum,** SPLICE **,genus,
Panicum_rigidulum,** SPLICE **,genus,
Panicum_virgatum,seq,,
Parietaria_pensylvanica,seq,,
Parnassia_glauca,seq,,
Paronychia_canadensis,seq,,
Paronychia_fastigiata,seq,,
Parthenium_integrifolium,** SPLICE **,genus,
Parthenocissus_quinquefolia,seq,,
Pascopyrum_smithii,** SPLICE **,mrca,Hordeum_jubatum|Elymus_repens
Paspalum_laeve,** SPLICE **,genus,
Paspalum_setaceum,seq,,
Passiflora_lutea,seq,,
Pastinaca_sativa,seq,,
Pedicularis_canadensis,** SPLICE **,genus,
Pedicularis_lanceolata,seq,,
Pennisetum_glaucum,** SPLICE **,genus,
Penstemon_calycosus,** SPLICE **,genus,
Penstemon_deamii,** SPLICE **,genus,
Penstemon_digitalis,seq,,
Penstemon_hirsutus,seq,,
Penstemon_pallidus,seq,,
Penthorum_sedoides,seq,,
Perilla_frutescens,seq,,
Phacelia_bipinnatifida,** SPLICE **,genus,
Phacelia_purshii,** SPLICE **,genus,
Phalaris_arundinacea,seq,,
Phegopteris_hexagonoptera,seq,,
Phleum_pratense,seq,,
Phlox_bifida,** SPLICE **,genus,
Phlox_divaricata,seq,,
Phlox_glaberrima,seq,,
Phlox_maculata,** SPLICE **,genus,
Phlox_paniculata,seq,,
Phlox_pilosa,seq,,
Phlox_subulata,** SPLICE **,genus,
Photinia_floribunda,** SPLICE **,genus,
Photinia_melanocarpa,seq,,
Phragmites_australis,seq,,
Phryma_leptostachya,seq,,
Phyla_lanceolata,seq,,
Physalis_heterophylla,seq,,
Physalis_longifolia,seq,,
Physocarpus_opulifolius,** SPLICE **,genus,
Physostegia_virginiana,seq,,
Phytolacca_americana,seq,,
Pilea_pumila,seq,,
Planodes_virginicum,** SPLICE **,genus,
Plantago_aristata,seq,,
Plantago_cordata,** SPLICE **,genus,
Plantago_lanceolata,seq,,
Plantago_major,seq,,
Plantago_rugelii,seq,,
Plantago_virginica,seq,,
Platanthera_leucophaea,** SPLICE **,genus,
Platanthera_peramoena,** SPLICE **,genus,
Platanus_occidentalis,seq,,
Poa_annua,seq,,
Poa_arida,seq,,
Poa_chapmaniana,** SPLICE **,genus,
Poa_compressa,seq,,
Poa_cuspidata,** SPLICE **,genus,
Poa_paludigena,** SPLICE **,genus,
Poa_palustris,seq,,
Poa_pratensis,seq,,
Poa_saltuensis,seq,,
Poa_sylvestris,seq,,
Poa_trivialis,seq,,
Podophyllum_peltatum,seq,,
Polanisia_dodecandra,seq,,
Polemonium_reptans,seq,,
Polygala_polygama,seq,,
Polygala_senega,seq,,
Polygala_verticillata,seq,,
Polygonatum_biflorum,** SPLICE **,genus,
Polygonatum_pubescens,seq,,
Polygonum_amphibium,seq,,
Polygonum_aviculare,seq,,
Polygonum_bellardii,seq,,
Polygonum_caespitosum,** SPLICE **,genus,
Polygonum_convolvulus,** SPLICE **,genus,
Polygonum_cuspidatum,** SPLICE **,genus,
Polygonum_erectum,** SPLICE **,genus,
Polygonum_hydropiper,** SPLICE **,genus,
Polygonum_hydropiperoides,** SPLICE **,genus,
Polygonum_lapathifolium,** SPLICE **,genus,
Polygonum_pensylvanicum,** SPLICE **,genus,
Polygonum_persicaria,** SPLICE **,genus,
Polygonum_punctatum,** SPLICE **,genus,
Polygonum_sagittatum,seq,,
Polygonum_scandens,** SPLICE **,genus,
Polygonum_virginianum,** SPLICE **,genus,
Polymnia_canadensis,seq,,
Polystichum_acrostichoides,seq,,
Pontederia_cordata,seq,,
Populus_deltoides,seq,,
Populus_grandidentata,seq,,
Populus_heterophylla,** SPLICE **,genus,
Populus_tremuloides,seq,,
Portulaca_grandiflora,seq,,
Portulaca_oleracea,seq,,
Potamogeton_foliosus,seq,,
Potamogeton_nodosus,seq,,
Potentilla_norvegica,seq,,
Potentilla_recta,seq,,
Potentilla_simplex,** SPLICE **,genus,
Prenanthes_alba,** SPLICE **,genus,
Prenanthes_altissima,** SPLICE **,genus,
Prenanthes_crepidinea,** SPLICE **,genus,
Prenanthes_racemosa,** SPLICE **,genus,
Prunella_vulgaris,seq,,
Prunus_americana,seq,,
Prunus_angustifolia,seq,,
Prunus_serotina,seq,,
Prunus_virginiana,seq,,
Pseudognaphalium_obtusifolium,** SPLICE **,genus,
Ptelea_trifoliata,seq,,
Pteridium_aquilinum,seq,,
Pycnanthemum_tenuifolium,seq,,
Pycnanthemum_verticillatum,** SPLICE **,genus,
Pycnanthemum_virginianum,seq,,
Quercus_alba,seq,,
Quercus_bicolor,seq,,
Quercus_imbricaria,** SPLICE **,mrca,Quercus_shumardii|Quercus_rubra
Quercus_macrocarpa,seq,,
Quercus_michauxii,seq,,
Quercus_muehlenbergii,** SPLICE **,mrca,Quercus_alba|Quercus_bicolor
Quercus_palustris,seq,,
Quercus_rubra,seq,,
Quercus_shumardii,seq,,
Quercus_velutina,seq,,
Ranunculus_abortivus,seq,,
Ranunculus_acris,seq,,
Ranunculus_ficaria,** SPLICE **,genus,
Ranunculus_flabellaris,** SPLICE **,genus,
Ranunculus_hispidus,seq,,
Ranunculus_longirostris,** SPLICE **,genus,
Ranunculus_micranthus,seq,,
Ranunculus_recurvatus,seq,,
Ranunculus_repens,seq,,
Ratibida_columnifera,seq,,
Ratibida_pinnata,** SPLICE **,genus,
Rhamnus_cathartica,seq,,
Rhamnus_lanceolata,seq,,
Rhodotypos_scandens,seq,,
Rhus_aromatica,seq,,
Rhus_glabra,seq,,
Rhus_typhina,seq,,
Rhynchospora_capillacea,** SPLICE **,genus,
Ribes_americanum,seq,,
Ribes_cynosbati,** SPLICE **,genus,
Ribes_missouriense,seq,,
Robinia_hispida,seq,,
Robinia_pseudoacacia,seq,,
Robinia_viscosa,seq,,
Rorippa_aquatica,seq,,
Rorippa_palustris,seq,,
Rorippa_sessiliflora,** SPLICE **,genus,
Rorippa_sylvestris,seq,,
Rosa_arkansana,seq,,
Rosa_carolina,seq,,
Rosa_multiflora,seq,,
Rosa_palustris,seq,,
Rosa_rubiginosa,** SPLICE **,genus,
Rosa_setigera,seq,,
Rubus_allegheniensis,seq,,
Rubus_hispidus,seq,,
Rubus_idaeus,seq,,
Rubus_laudatus,** SPLICE **,genus,
Rubus_occidentalis,seq,,
Rubus_odoratus,** SPLICE **,genus,
Rubus_pensilvanicus,seq,,
Rudbeckia_fulgida,** SPLICE **,genus,
Rudbeckia_hirta,seq,,
Rudbeckia_laciniata,** SPLICE **,genus,
Rudbeckia_subtomentosa,** SPLICE **,genus,
Rudbeckia_triloba,** SPLICE **,genus,
Ruellia_caroliniensis,seq,,
Ruellia_humilis,seq,,
Ruellia_strepens,seq,,
Rumex_acetosella,seq,,
Rumex_crispus,seq,,
Rumex_obtusifolius,seq,,
Rumex_orbiculatus,** SPLICE **,genus,
Rumex_verticillatus,** SPLICE **,genus,
Sabatia_angularis,seq,,
Sagittaria_brevirostra,** SPLICE **,genus,
Sagittaria_latifolia,seq,,
Sagittaria_rigida,** SPLICE **,genus,
Salix_alba,seq,,
Salix_amygdaloides,seq,,
Salix_cordata,seq,,
Salix_discolor,seq,,
Salix_eriocephala,seq,,
Salix_humilis,** SPLICE **,genus,
Salix_interior,seq,,
Salix_nigra,** SPLICE **,genus,
Salix_petiolaris,** SPLICE **,genus,
Salix_sericea,seq,,
Salsola_tragus,seq,,
Salvia_lyrata,seq,,
Salvia_xsylvestris,** SPLICE **,genus,
Sambucus_nigra,seq,,
Samolus_valerandi,seq,,
Sanguinaria_canadensis,seq,,
Sanguisorba_canadensis,seq,,
Sanicula_canadensis,seq,,
Sanicula_marilandica,** SPLICE **,genus,
Sanicula_odorata,seq,,
Sanicula_trifoliata,** SPLICE **,genus,
Saponaria_officinalis,seq,,
Sassafras_albidum,seq,,
Saururus_cernuus,seq,,
Saxifraga_pensylvanica,** SPLICE **,genus,
Schizachyrium_scoparium,seq,,
Schoenoplectus_acutus,** SPLICE **,genus,
Schoenoplectus_pungens,seq,,
Schoenoplectus_tabernaemontani,seq,,
Scilla_siberica,** SPLICE **,genus,
Scirpus_atrovirens,** SPLICE **,genus,
Scirpus_cyperinus,seq,,
Scirpus_lineatus,** SPLICE **,genus,
Scirpus_pendulus,seq,,
Scleria_triglomerata,** SPLICE **,genus,
Scleria_verticillata,** SPLICE **,genus,
Sclerochloa_dura,seq,,
Scrophularia_marilandica,seq,,
Scutellaria_galericulata,seq,,
Scutellaria_incana,** SPLICE **,genus,
Scutellaria_lateriflora,** SPLICE **,genus,
Scutellaria_nervosa,** SPLICE **,genus,
Scutellaria_ovata,** SPLICE **,genus,
Scutellaria_parvula,** SPLICE **,genus,
Securigera_varia,seq,,
Sedum_sarmentosum,seq,,
Sedum_ternatum,seq,,
Selaginella_apoda,** SPLICE **,genus,
Senecio_vulgaris,seq,,
Senna_hebecarpa,** SPLICE **,genus,
Senna_marilandica,** SPLICE **,genus,
Setaria_faberi,seq,,
Setaria_italica,seq,,
Setaria_pumila,seq,,
Setaria_verticillata,seq,,
Setaria_viridis,seq,,
Sicyos_angulatus,seq,,
Sida_spinosa,seq,,
Silene_antirrhina,seq,,
Silene_csereii,** SPLICE **,genus,
Silene_latifolia,seq,,
Silene_nivea,seq,,
Silene_stellata,seq,,
Silene_virginica,seq,,
Silene_vulgaris,seq,,
Silphium_laciniatum,** SPLICE **,genus,
Silphium_perfoliatum,seq,,
Silphium_terebinthinaceum,** SPLICE **,genus,
Sinapis_arvensis,seq,,
Sisymbrium_altissimum,seq,,
Sisymbrium_officinale,seq,,
Sisyrinchium_albidum,** SPLICE **,genus,
Sisyrinchium_angustifolium,seq,,
Sium_suave,seq,,
Smilax_ecirrata,** SPLICE **,genus,
Smilax_glauca,seq,,
Smilax_herbacea,seq,,
Smilax_lasioneura,seq,,
Smilax_rotundifolia,seq,,
Smilax_tamnoides,** SPLICE **,genus,
Solanum_carolinense,seq,,
Solanum_dulcamara,seq,,
Solanum_ptychanthum,seq,,
Solanum_rostratum,seq,,
Solidago_altissima,** SPLICE **,genus,
Solidago_caesia,seq,,
Solidago_canadensis,seq,,
Solidago_flexicaulis,seq,,
Solidago_gigantea,seq,,
Solidago_juncea,seq,,
Solidago_nemoralis,seq,,
Solidago_ohioense,** SPLICE **,genus,
Solidago_patula,seq,,
Solidago_riddellii,seq,,
Solidago_rigidum,** SPLICE **,genus,
Solidago_rugosa,seq,,
Solidago_uliginosa,seq,,
Solidago_ulmifolia,seq,,
Sonchus_arvensis,seq,,
Sonchus_asper,seq,,
Sonchus_oleraceus,seq,,
Sorghastrum_nutans,seq,,
Sorghum_bicolor,seq,,
Sorghum_halepense,seq,,
Sparganium_angustifolium,seq,,
Sparganium_eurycarpum,seq,,
Spartina_pectinata,seq,,
Sphenopholis_intermedia,seq,,
Sphenopholis_nitida,** SPLICE **,genus,
Sphenopholis_obtusata,seq,,
Spiraea_alba,seq,,
Spiranthes_cernua,seq,,
Spiranthes_lucida,** SPLICE **,genus,
Spiranthes_ovalis,** SPLICE **,genus,
Spirodela_polyrrhiza,** SPLICE **,genus,
Sporobolus_compositus,** SPLICE **,genus,
Sporobolus_cryptandrus,seq,,
Sporobolus_neglectus,** SPLICE **,genus,
Sporobolus_vaginiflorus,seq,,
Stachys_aspera,** SPLICE **,genus,
Stachys_byzantina,seq,,
Stachys_palustris,seq,,
Stachys_pilosa,seq,,
Stachys_tenuifolia,** SPLICE **,genus,
Staphylea_trifolia,seq,,
Stellaria_media,seq,,
Stellaria_pubera,seq,,
Strophostyles_helvola,seq,,
Stylophorum_diphyllum,seq,,
Symphoricarpos_orbiculatus,seq,,
Symphyotrichum_cordifolium,seq,,
Symphyotrichum_drummondii,seq,,
Symphyotrichum_ericoides,seq,,
Symphyotrichum_laeve,** SPLICE **,genus,
Symphyotrichum_lanceolatum,seq,,
Symphyotrichum_lateriflorum,** SPLICE **,genus,
Symphyotrichum_novae-angliae,** SPLICE **,genus,
Symphyotrichum_oolentangiense,** SPLICE **,genus,
Symphyotrichum_pilosum,seq,,
Symphyotrichum_praealtum,** SPLICE **,genus,
Symphyotrichum_puniceum,seq,,
Symphyotrichum_shortii,seq,,
Symphyotrichum_xamethystinum,** SPLICE **,genus,
Symplocarpus_foetidus,seq,,
Synandra_hispidula,seq,,
Taenidia_integerrima,seq,,
Tanacetum_balsamita,** SPLICE **,genus,
Tanacetum_vulgare,seq,,
Taraxacum_officinale,seq,,
Teucrium_canadense,seq,,
Thalictrum_dasycarpum,seq,,
Thalictrum_dioicum,seq,,
Thalictrum_revolutum,seq,,
Thalictrum_thalictroides,seq,,
Thaspium_barbinode,seq,,
Thaspium_trifoliatum,seq,,
Thelypteris_palustris,seq,,
Thlaspi_arvense,seq,,
Tilia_americana,seq,,
Toxicodendron_radicans,seq,,
Toxicodendron_vernix,** SPLICE **,genus,
Tradescantia_ohiensis,seq,,
Tradescantia_subaspera,** SPLICE **,genus,
Tradescantia_virginiana,** SPLICE **,genus,
Tragopogon_dubius,seq,,
Tragopogon_porrifolius,seq,,
Tragopogon_pratensis,seq,,
Triadenum_fraseri,seq,,
Trichostema_brachiatum,seq,,
Tridens_flavus,seq,,
Trientalis_borealis,seq,,
Trifolium_campestre,seq,,
Trifolium_dubium,seq,,
Trifolium_hybridum,seq,,
Trifolium_pratense,seq,,
Trifolium_repens,seq,,
Trillium_erectum,seq,,
Trillium_flexipes,** SPLICE **,genus,
Trillium_nivale,** SPLICE **,genus,
Trillium_recurvatum,seq,,
Trillium_sessile,seq,,
Triodanis_perfoliata,seq,,
Triosteum_aurantiacum,seq,,
Triosteum_perfoliatum,seq,,
Triphora_trianthophora,seq,,
Typha_angustifolia,seq,,
Typha_latifolia,seq,,
Ulmus_americana,seq,,
Ulmus_pumila,seq,,
Ulmus_rubra,seq,,
Ulmus_thomasii,** SPLICE **,genus,
Urtica_dioica,seq,,
Utricularia_macrorhiza,** SPLICE **,genus,
Uvularia_grandiflora,seq,,
Valeriana_pauciflora,seq,,
Valerianella_chenopodiifolia,** SPLICE **,genus,
Valerianella_radiata,seq,,
Valerianella_umbilicata,seq,,
Veratrum_virginicum,seq,,
Veratrum_woodii,** SPLICE **,genus,
Verbascum_blattaria,** SPLICE **,genus,
Verbascum_thapsus,seq,,
Verbena_bracteata,seq,,
Verbena_hastata,seq,,
Verbena_simplex,** SPLICE **,genus,
Verbena_stricta,** SPLICE **,genus,
Verbena_urticifolia,seq,,
Verbena_xengelmannii,** SPLICE **,genus,
Verbena_xperriana,** SPLICE **,genus,
Verbesina_alternifolia,** SPLICE **,genus,
Vernonia_fasciculata,seq,,
Vernonia_gigantea,seq,,
Veronica_anagallis-aquatica,** SPLICE **,genus,
Veronica_arvensis,seq,,
Veronica_officinalis,seq,,
Veronica_peregrina,seq,,
Veronica_persica,seq,,
Veronica_polita,seq,,
Veronica_scutellata,seq,,
Veronica_serpyllifolia,seq,,
Veronicastrum_virginicum,seq,,
Viburnum_acerifolium,seq,,
Viburnum_dentatum,seq,,
Viburnum_lantana,seq,,
Viburnum_lentago,seq,,
Viburnum_opulus,seq,,
Viburnum_prunifolium,seq,,
Viburnum_rafinesquianum,seq,,
Vicia_villosa,seq,,
Vinca_minor,seq,,
Viola_affinis,** SPLICE **,genus,
Viola_canadensis,seq,,
Viola_cucullata,** SPLICE **,genus,
Viola_macloskeyi,seq,,
Viola_pubescens,seq,,
Viola_sagittata,seq,,
Viola_sororia,** SPLICE **,genus,
Viola_striata,** SPLICE **,genus,
Viola_triloba,** SPLICE **,genus,
Vitis_aestivalis,seq,,
Vitis_cinerea,** SPLICE **,genus,
Vitis_riparia,seq,,
Vitis_vulpina,seq,,
Woodsia_obtusa,** SPLICE **,mrca,Dryopteris_carthusiana|Thelypteris_palustris
Xanthium_strumarium,seq,,
Yucca_flaccida,** SPLICE **,genus,
Zannichellia_palustris,seq,,
Zanthoxylum_americanum,seq,,
Zea_mays,seq,,
Zizia_aurea,seq,,
