,region,MC.Hist,MC.Now,Species,Family,Status,Growth.form,Life.form,Life.Span,Clonality,Spinescence,Leaf.Periodicity.1.evergreen.2.deciduous.3.semi.evergreen,Dispersal.mode,Pollination.System,FOREST,WOODLAND,SCRUBLAND,DWARF.SCRUB,NATURAL.GRASSLAND,SEMI.NATURAL.GRASSLAND,COASTAL.DUNES,H2O.FRESH,H2O.SALINE,DESERT,RIPARIAN,ANTHROPOGNEIC,AGRICULTURAL,X,spp,losers,winners,incomers,winnters
acerplatanoides,1,0,1,Acer platanoides,Sapindaceae,1,5,1,3,1,0,2,2,1,NA,1,,NA,NA,NA,,NA,NA,NA,NA,1,,2,acerplatanoides,0,0,1,0
acoruscalamus,1,0,1,Acorus calamus,Acoraceae,0,1,6,3,3,0,2,6,1,NA,NA,,NA,NA,NA,,1,NA,NA,1,NA,,2,acoruscalamus,0,0,1,0
actaeapachypoda,1,0,1,Actaea pachypoda,Ranunculaceae,0,1,4,3,3,0,2,3,1,1,1,,NA,NA,NA,,NA,NA,NA,NA,NA,,2,actaeapachypoda,0,0,1,0
aegopodiumpodagraria,1,0,1,Aegopodium podagraria,Apiaceae,1,1,3,3,3,0,2,1,1,NA,1,,NA,NA,NA,,NA,NA,NA,NA,1,,2,aegopodiumpodagraria,0,0,1,0
ajugareptans,1,0,1,Ajuga reptans,Lamiaceae,1,1,3,3,2,0,2,4,1,NA,NA,,NA,NA,1,,NA,NA,NA,NA,1,,2,ajugareptans,0,0,1,0
alcearosea,1,0,1,Alcea rosea,Malvaceae,1,1,3,3,1,0,2,1,1,NA,NA,,NA,NA,NA,1,NA,NA,NA,NA,NA,,1,alcearosea,0,0,1,0
alliariapetiolata,1,0,1,Alliaria petiolata,Brassicaceae,1,1,3,2,1,0,1,"1,2",1,NA,1,,NA,NA,NA,,NA,NA,NA,NA,NA,,1,alliariapetiolata,0,0,1,0
alnusglutinosa,1,0,1,Alnus glutinosa,Betulaceae,1,5,1,3,1,0,2,2,0,NA,1,1,NA,NA,NA,,NA,NA,NA,NA,1,,3,alnusglutinosa,0,0,1,0
amorphafruticosa,1,0,1,Amorpha fruticosa,Fabaceae,0,4,1,3,1,0,2,1,1,NA,1,,NA,NA,NA,,NA,NA,NA,1,NA,,2,amorphafruticosa,0,0,1,0
amphicarpaeabracteata,1,0,1,Amphicarpaea bracteata,Fabaceae,0,8,5,"1,3",1,0,2,4,1,1,1,1,NA,NA,NA,,NA,NA,NA,NA,NA,,3,amphicarpaeabracteata,0,0,1,0
apiosamericana,1,0,1,Apios americana,Fabaceae,0,8,4,3,3,0,2,3,1,1,1,,NA,NA,NA,,NA,NA,NA,NA,NA,,2,apiosamericana,0,0,1,0
aplectrumhyemale,1,0,1,Aplectrum hyemale,Orchidaceae,0,1,4,3,3,0,2,2,1,1,1,,NA,NA,NA,,NA,NA,NA,NA,NA,,2,aplectrumhyemale,0,0,1,0
apocynumandrosaemifolium,1,0,1,Apocynum androsaemifolium,Apocynaceae,0,1,3,3,1,0,2,2,1,1,1,,NA,NA,1,,NA,NA,NA,NA,1,,4,apocynumandrosaemifolium,0,0,1,0
arabishirsuta,1,0,1,Arabis hirsuta,Brassicaceae,0,1,3,"1,2,3",1,0,2,2,1,NA,NA,,NA,1,NA,,NA,NA,NA,1,NA,,2,arabishirsuta,0,0,1,0
araliahispida,1,0,1,Aralia hispida,Araliaceae,0,4,1,3,3,1,2,3,1,1,1,,NA,NA,NA,,NA,NA,NA,NA,NA,,2,araliahispida,0,0,1,0
artemisiavulgaris,1,0,1,Artemisia vulgaris,Asteraceae,1,1,3,3,3,0,2,1,0,NA,NA,,NA,NA,NA,,NA,NA,NA,NA,1,1,2,artemisiavulgaris,0,0,1,0
asclepiastuberosa,1,0,1,Asclepias tuberosa,Apocynaceae,0,1,4,3,3,0,2,2,1,NA,1,,NA,NA,1,,NA,NA,NA,NA,NA,,2,asclepiastuberosa,0,0,1,0
barbareaverna,1,0,1,Barbarea verna,Brassicaceae,1,1,3,"2,3",1,0,2,1,1,NA,NA,,NA,NA,1,,NA,NA,NA,NA,1,,2,barbareaverna,0,0,1,0
berberisthunbergii,1,0,1,Berberis thunbergii,Berberidaceae,1,4,1,3,1,1,2,3,1,NA,1,1,NA,NA,NA,,NA,NA,NA,NA,NA,,2,berberisthunbergii,0,0,1,0
betulapapyrifera,1,0,1,Betula papyrifera,Betulaceae,0,5,1,3,1,0,2,2,0,1,1,,NA,NA,NA,,NA,NA,NA,NA,NA,,2,betulapapyrifera,0,0,1,0
blephiliaciliata,1,0,1,Blephilia ciliata,Lamiaceae,0,1,3,3,2,0,2,"1,2",1,1,1,,NA,NA,NA,,NA,NA,NA,NA,NA,,2,blephiliaciliata,0,0,1,0
brassicarapa,1,0,1,Brassica rapa,Brassicaceae,1,1,5,"1,2",1,0,2,1,1,NA,NA,,NA,NA,1,,NA,NA,NA,NA,1,,2,brassicarapa,0,0,1,0
buglossoidesarvensis,1,0,1,Buglossoides arvensis,Boraginaceae,1,1,5,1,1,0,2,1,1,NA,NA,,NA,NA,1,,NA,NA,NA,NA,1,,2,buglossoidesarvensis,0,0,1,0
calystegiasilvatica,1,0,1,Calystegia silvatica,Convolvulaceae,0,"1, 8","1, ?",3,"                      1,2 ",0,2,"1, ?",1,1,NA,,NA,NA,NA,,NA,NA,NA,NA,1,1,3,calystegiasilvatica,0,0,1,0
cardaminehirsuta,1,0,1,Cardamine hirsuta,Brassicaceae,1,1,5,1,1,0,2,1,1,NA,NA,,NA,NA,1,,NA,NA,NA,NA,1,,2,cardaminehirsuta,0,0,1,0
carexlurida,1,0,1,Carex lurida,Cyperaceae,0,3,3,3,1,0,2,2,0,NA,1,,NA,NA,NA,,NA,NA,NA,NA,NA,,1,carexlurida,0,0,1,0
carexradiata,1,0,1,Carex radiata,Cyperaceae,0,3,3,3,1,0,2,"1,2",0,NA,1,,NA,NA,NA,,1,NA,NA,NA,NA,,2,carexradiata,0,0,1,0
carexsuberecta,1,0,1,Carex suberecta,Cyperaceae,0,3,3,3,1,0,2,"1,2",0,NA,1,,NA,NA,NA,,1,NA,NA,1,NA,,3,carexsuberecta,0,0,1,0
carextrichocarpa,1,0,1,Carex trichocarpa,Cyperaceae,0,3,4,3,3,0,2,2,0,NA,NA,,NA,NA,NA,,1,NA,NA,NA,NA,,1,carextrichocarpa,0,0,1,0
caryaglabra,1,0,1,Carya glabra,Juglandaceae,0,5,1,3,1,0,2,5,0,1,1,,NA,NA,NA,,NA,NA,NA,NA,NA,,2,caryaglabra,0,0,1,0
caryatomentosa,1,0,1,Carya tomentosa,Juglandaceae,0,5,1,3,1,0,2,5,0,1,1,,NA,NA,NA,,NA,NA,NA,NA,NA,,2,caryatomentosa,0,0,1,0
catalpabignonioides,1,0,1,Catalpa bignonioides,Bignoniaceae,1,5,1,3,1,0,2,2,1,NA,1,,NA,NA,NA,,NA,NA,NA,NA,1,,2,catalpabignonioides,0,0,1,0
catalpaspeciosa,1,0,1,Catalpa speciosa,Bignoniaceae,1,5,1,3,1,0,2,2,1,NA,NA,,NA,NA,NA,,NA,NA,NA,1,NA,,1,catalpaspeciosa,0,0,1,0
celastrusorbiculatus,1,0,1,Celastrus orbiculatus,Celastraceae,1,8,1,3,1,0,2,3,1,1,1,1,NA,NA,NA,,NA,NA,NA,NA,NA,,3,celastrusorbiculatus,0,0,1,0
chenopodiumalbum,1,0,1,Chenopodium album,Amaranthaceae,1,1,5,1,1,0,2,1,1,NA,NA,,NA,NA,1,,NA,NA,NA,NA,1,,2,chenopodiumalbum,0,0,1,0
cirsiumvulgare,1,0,1,Cirsium vulgare,Asteraceae,1,1,5,2,1,1,2,2,1,NA,NA,,NA,NA,1,,NA,NA,NA,NA,1,,2,cirsiumvulgare,0,0,1,0
coniummaculatum,1,0,1,Conium maculatum,Apiaceae,1,1,3,2,1,0,2,6,1,NA,NA,,NA,NA,1,,NA,NA,NA,1,1,,3,coniummaculatum,0,0,1,0
convallariamajalis,1,0,1,Convallaria majalis,Ruscaceae,1,1,4,3,3,0,2,3,1,NA,NA,,NA,NA,1,,NA,NA,NA,NA,1,,2,convallariamajalis,0,0,1,0
conyzacanadensis,1,0,1,Conyza canadensis,Asteraceae,0,1,5,"1,2",1,0,2,2,1,NA,NA,,NA,NA,1,,NA,NA,NA,NA,1,,2,conyzacanadensis,0,0,1,0
coreopsislanceolata,1,0,1,Coreopsis lanceolata,Asteraceae,0,1,3,3,1,0,2,1,1,NA,1,,NA,NA,1,,NA,NA,NA,NA,NA,,2,coreopsislanceolata,0,0,1,0
cornusobliqua,1,0,1,Cornus obliqua,Cornaceae,0,4,1,3,1,0,2,3,1,1,1,,NA,NA,NA,,NA,NA,NA,NA,NA,,2,cornusobliqua,0,0,1,0
cornusracemosa,1,0,1,Cornus racemosa,Cornaceae,0,4,1,3,1,0,2,3,1,NA,1,1,NA,1,NA,,NA,NA,NA,1,NA,,4,cornusracemosa,0,0,1,0
cornussericea,1,0,1,Cornus sericea,Cornaceae,0,4,1,3,1,0,2,3,1,1,1,1,NA,NA,1,,NA,NA,NA,1,NA,,5,cornussericea,0,0,1,0
cotinuscoggygria,1,0,1,Cotinus coggygria,Anacardiaceae,1,"4,5",1,3,1,0,2,2,1,NA,NA,1,NA,NA,NA,,NA,NA,NA,NA,1,,2,cotinuscoggygria,0,0,1,0
cyperusstrigosus,1,0,1,Cyperus strigosus,Cyperaceae,0,3,4,3,3,0,2,"1,2",0,NA,NA,,NA,NA,1,,1,NA,NA,1,NA,,3,cyperusstrigosus,0,0,1,0
descurainiapinnata,1,0,1,Descurainia pinnata,Brassicaceae,1,1,5,"1,2,3",1,0,2,1,1,NA,1,1,1,NA,1,1,NA,1,1,1,1,,9,descurainiapinnata,0,0,1,0
desmanthusillinoensis,1,0,1,Desmanthus illinoensis,Fabaceae,0,1,3,3,1,0,2,1,1,NA,NA,,NA,1,NA,,NA,NA,NA,1,NA,,2,desmanthusillinoensis,0,0,1,0
desmodiumglutinosum,1,0,1,Desmodium glutinosum,Fabaceae,0,1,3,3,1,0,2,4,1,1,1,,NA,NA,NA,,NA,NA,NA,NA,NA,,2,desmodiumglutinosum,0,0,1,0
dianthusarmeria,1,0,1,Dianthus armeria,Caryophyllaceae,1,1,5,"1,2",1,0,2,1,1,NA,NA,,NA,NA,1,,NA,NA,NA,NA,1,,2,dianthusarmeria,0,0,1,0
diospyrosvirginiana,1,0,1,Diospyros virginiana,Ebenaceae,0,5,1,3,1,0,2,3,1,NA,1,,NA,NA,NA,,NA,NA,NA,NA,NA,,1,diospyrosvirginiana,0,0,1,0
dioscoreavillosa,1,0,1,Dioscorea villosa,Dioscoreaceae,0,8,4,3,3,0,2,1,1,NA,1,1,NA,NA,1,,NA,NA,NA,NA,NA,,3,dioscoreavillosa,0,0,1,0
dipsacusfullonum,1,0,1,Dipsacus fullonum,Dipsacaceae,1,1,3,2,1,1,2,4,1,NA,NA,,NA,1,NA,,NA,NA,NA,NA,1,,2,dipsacusfullonum,0,0,1,0
dipsacuslaciniatus,1,0,1,Dipsacus laciniatus,Dipsacaceae,1,1,3,2,1,1,2,4,1,NA,NA,,NA,NA,1,,NA,NA,NA,NA,1,,2,dipsacuslaciniatus,0,0,1,0
dircapalustris,1,0,1,Dirca palustris,Thymelaeaceae,0,4,1,3,1,0,2,3,1,1,1,,NA,NA,NA,,NA,NA,NA,NA,NA,,2,dircapalustris,0,0,1,0
drabaverna,1,0,1,Draba verna,Brassicaceae,1,1,5,1,1,0,2,1,1,NA,NA,,NA,NA,1,,NA,NA,NA,NA,1,,2,drabaverna,0,0,1,0
dryopterismarginalis,1,0,1,Dryopteris marginalis,Dryopteridaceae,0,2,3,3,1,0,1,2,0,1,1,,NA,NA,NA,,NA,NA,NA,NA,NA,,2,dryopterismarginalis,0,0,1,0
duchesneaindica,1,0,1,Duchesnea indica,Rosaceae,1,1,3,3,2,0,2,4,1,NA,NA,,NA,NA,1,,NA,NA,NA,NA,1,,2,duchesneaindica,0,0,1,0
ecliptaprostrata,1,0,1,Eclipta prostrata,Asteraceae,0,1,5,"1,2",1,0,2,3,1,NA,NA,,NA,NA,NA,,NA,NA,NA,1,1,,2,ecliptaprostrata,0,0,1,0
elaeagnusangustifolia,1,0,1,Elaeagnus angustifolia,Elaeagnaceae,1,4,1,3,1,1,2,3,1,NA,1,1,NA,NA,NA,,NA,NA,NA,NA,1,,3,elaeagnusangustifolia,0,0,1,0
elaeagnusumbellata,1,0,1,Elaeagnus umbellata,Elaeagnaceae,1,4,1,3,1,0,2,3,1,NA,1,1,NA,NA,NA,,NA,NA,NA,NA,1,,3,elaeagnusumbellata,0,0,1,0
eleocharisobtusa,1,0,1,Eleocharis obtusa,Cyperaceae,0,3,5,"1,3",1,0,2,1,0,NA,NA,,NA,NA,NA,,1,NA,NA,NA,NA,,1,eleocharisobtusa,0,0,1,0
erigeronpulchellus,1,0,1,Erigeron pulchellus,Asteraceae,0,1,3,3,2,0,2,2,1,NA,1,,NA,NA,NA,,NA,NA,NA,1,NA,,2,erigeronpulchellus,0,0,1,0
erysimumrepandum,1,0,1,Erysimum repandum,Brassicaceae,1,1,5,1,1,0,2,1,1,NA,NA,,NA,NA,1,,NA,NA,NA,NA,1,,2,erysimumrepandum,0,0,1,0
euonymusalatus,1,0,1,Euonymus alatus,Celastraceae,1,4,1,3,1,0,2,3,1,NA,1,,NA,NA,NA,,NA,NA,NA,NA,1,,2,euonymusalatus,0,0,1,0
eupatoriumalbum,1,0,1,Eupatorium album,Asteraceae,0,1,3,3,2,0,2,2,1,NA,1,,NA,NA,NA,,NA,NA,NA,NA,NA,,1,eupatoriumalbum,0,0,1,0
frangulaalnus,1,0,1,Frangula alnus,Rhamnaceae,1,4,1,3,1,0,2,3,1,NA,1,1,NA,NA,NA,,NA,NA,NA,NA,1,,3,frangulaalnus,0,0,1,0
geraniumrobertianum,1,0,1,Geranium robertianum,Geraniaceae,1,1,5,"1,2",1,0,2,1,1,1,1,,NA,NA,NA,,NA,NA,NA,NA,NA,,2,geraniumrobertianum,0,0,1,0
glechomahederacea,1,0,1,Glechoma hederacea,Lamiaceae,1,1,3,3,2,0,2,4,1,1,1,,NA,NA,NA,,NA,NA,NA,NA,NA,,2,glechomahederacea,0,0,1,0
hamamelisvirginiana,1,0,1,Hamamelis virginiana,Hamamelidaceae,0,4,1,3,1,0,2,1,1,1,1,,NA,NA,NA,,NA,NA,NA,NA,NA,,2,hamamelisvirginiana,0,0,1,0
hederahelix,1,0,1,Hedera helix,Araliaceae,1,8,1,3,3,0,1,3,1,NA,1,,NA,NA,NA,,NA,NA,NA,NA,1,,2,hederahelix,0,0,1,0
helianthusdivaricatus,1,0,1,Helianthus divaricatus,Asteraceae,0,1,4,3,3,0,2,3,1,NA,1,1,NA,NA,NA,,NA,NA,NA,NA,NA,,2,helianthusdivaricatus,0,0,1,0
helianthushirsutus,1,0,1,Helianthus hirsutus,Asteraceae,0,1,4,3,3,0,2,3,1,NA,1,1,NA,NA,1,,NA,NA,NA,NA,NA,,3,helianthushirsutus,0,0,1,0
hemerocallisfulva,1,0,1,Hemerocallis fulva,Hemerocallidaceae,1,1,4,3,3,0,2,1,1,NA,NA,,NA,NA,1,,NA,NA,NA,NA,1,,2,hemerocallisfulva,0,0,1,0
hibiscuslaevis,1,0,1,Hibiscus laevis,Malvaceae,0,1,3,3,1,0,2,1,1,NA,NA,,NA,NA,NA,,1,NA,NA,NA,NA,,1,hibiscuslaevis,0,0,1,0
hordeumpusillum,1,0,1,Hordeum pusillum,Poaceae,1,3,5,1,1,0,2,4,0,NA,NA,,NA,NA,1,,NA,1,NA,1,1,,4,hordeumpusillum,0,0,1,0
hostaventricosa,1,0,1,Hosta ventricosa,Agavaceae,1,1,3,3,1,0,2,1,1,NA,NA,,NA,NA,1,,NA,NA,NA,NA,1,,2,hostaventricosa,0,0,1,0
humulusjaponicus,1,0,1,Humulus japonicus,Cannabaceae,1,8,5,"1,3",3,1,2,2,1,NA,NA,,NA,NA,1,,NA,NA,NA,NA,1,,2,humulusjaponicus,0,0,1,0
hydrangeapaniculata,1,0,1,Hydrangea paniculata,Hydrangeaceae,1,4,1,3,1,0,2,1,1,NA,NA,1,NA,NA,1,,NA,NA,NA,NA,1,,3,hydrangeapaniculata,0,0,1,0
ilexopaca,1,0,1,Ilex opaca,Aquifoliaceae,0,4,1,3,1,1,1,3,1,NA,1,1,NA,NA,NA,,NA,NA,NA,NA,NA,,2,ilexopaca,0,0,1,0
ipomoeahederacea,1,0,1,Ipomoea hederacea,Convolvulaceae,1,8,5,1,1,0,2,1,1,NA,NA,,NA,NA,1,,NA,NA,NA,NA,1,,2,ipomoeahederacea,0,0,1,0
ipomoeapandurata,1,0,1,Ipomoea pandurata,Convolvulaceae,0,8,4,3,3,0,2,1,1,NA,1,1,NA,NA,NA,,NA,NA,NA,NA,NA,,2,ipomoeapandurata,0,0,1,0
ipomoeapurpurea,1,0,1,Ipomoea purpurea,Convolvulaceae,1,8,5,1,2,0,2,1,1,NA,NA,,NA,NA,1,,NA,NA,NA,NA,1,,2,ipomoeapurpurea,0,0,1,0
irisgermanica,1,0,1,Iris germanica,Iridaceae,1,1,4,3,3,0,2,1,1,NA,NA,,NA,NA,1,,NA,NA,NA,NA,1,,2,irisgermanica,0,0,1,0
juglanscinerea,1,0,1,Juglans cinerea,Juglandaceae,0,5,1,3,1,0,2,5,0,1,1,,NA,NA,NA,,NA,NA,NA,NA,NA,,2,juglanscinerea,0,0,1,0
juglansnigra,1,0,1,Juglans nigra,Juglandaceae,0,5,1,3,1,0,2,5,0,1,1,,NA,NA,NA,,NA,NA,NA,NA,NA,,2,juglansnigra,0,0,1,0
juncusdudleyi,1,0,1,Juncus dudleyi,Juncaceae,0,3,3,3,1,0,2,4,0,NA,NA,,NA,NA,1,,NA,NA,NA,NA,NA,,1,juncusdudleyi,0,0,1,0
juncuseffusus,1,0,1,Juncus effusus,Juncaceae,0,3,3,3,3,0,2,6,0,1,NA,,NA,NA,NA,,1,NA,NA,1,NA,,3,juncuseffusus,0,0,1,0
juniperusvirginiana,1,0,1,Juniperus virginiana,Cupressaceae,0,5,1,3,1,0,1,3,0,NA,1,1,NA,NA,1,,NA,NA,NA,NA,NA,,3,juniperusvirginiana,0,0,1,0
lactucabiennis,1,0,1,Lactuca biennis,Asteraceae,0,1,5,"            1,2",1,0,2,2,1,NA,1,,NA,NA,1,,NA,NA,NA,NA,NA,,2,lactucabiennis,0,0,1,0
lapsanacommunis,1,0,1,Lapsana communis,Asteraceae,1,1,5,1,1,0,2,2,1,1,1,,NA,NA,1,,NA,NA,NA,NA,1,,4,lapsanacommunis,0,0,1,0
lathyruslatifolius,1,0,1,Lathyrus latifolius,Fabaceae,1,8,3,3,1,0,2,1,1,NA,NA,,NA,NA,1,,NA,NA,NA,NA,1,,2,lathyruslatifolius,0,0,1,0
lemnaminor,1,0,1,Lemna minor,Araceae,0,10,7,3,2,0,2,3,1,NA,NA,,NA,NA,NA,,1,NA,NA,NA,NA,,1,lemnaminor,0,0,1,0
ligustrumobtusifolium,1,0,1,Ligustrum obtusifolium,Oleaceae,1,4,1,3,1,0,2,1,1,NA,NA,1,NA,NA,1,,NA,NA,NA,NA,1,,3,ligustrumobtusifolium,0,0,1,0
liquidambarstyraciflua,1,0,1,Liquidambar styraciflua,Altingiaceae,0,5,1,3,1,0,2,2,0,1,1,,NA,NA,NA,,NA,NA,NA,NA,NA,,2,liquidambarstyraciflua,0,0,1,0
lonicerajaponica,1,0,1,Lonicera japonica,Caprifoliaceae,1,4,1,3,1,0,2,3,1,NA,1,1,NA,NA,NA,,NA,NA,NA,NA,1,,3,lonicerajaponica,0,0,1,0
loniceramaackii,1,0,1,Lonicera maackii,Caprifoliaceae,1,4,1,3,1,0,2,3,1,NA,1,1,NA,NA,NA,,NA,NA,NA,NA,1,,3,loniceramaackii,0,0,1,0
loniceramorrowii,1,0,1,Lonicera morrowii,Caprifoliaceae,0,4,1,3,1,0,2,3,1,NA,NA,1,NA,NA,NA,,NA,NA,NA,NA,1,,2,loniceramorrowii,0,0,1,0
loniceratatarica,1,0,1,Lonicera tatarica,Caprifoliaceae,1,4,1,3,1,0,2,3,1,NA,1,1,NA,NA,NA,,NA,NA,NA,NA,1,,3,loniceratatarica,0,0,1,0
lotuscorniculatus,1,0,1,Lotus corniculatus,Fabaceae,1,1,3,3,1,0,2,1,1,NA,NA,,NA,NA,1,,NA,NA,NA,NA,1,,2,lotuscorniculatus,0,0,1,0
lunariaannua,1,0,1,Lunaria annua,Brassicaceae,1,1,5,"            1,2",1,0,2,1,1,NA,NA,,NA,NA,1,,NA,NA,NA,NA,1,,2,lunariaannua,0,0,1,0
medeolavirginiana,1,0,1,Medeola virginiana,Liliaceae,0,1,4,3,3,0,2,3,1,1,1,,NA,NA,NA,,NA,NA,NA,NA,NA,,2,medeolavirginiana,0,0,1,0
mollugoverticillata,1,0,1,Mollugo verticillata,Molluginaceae,1,1,5,1,1,0,2,1,1,NA,NA,,NA,NA,1,,NA,NA,NA,NA,1,,2,mollugoverticillata,0,0,1,0
muscaribotryoides,1,0,1,Muscari botryoides,Hyacinthaceae,1,1,4,3,3,0,2,1,1,NA,NA,,NA,NA,1,,NA,NA,NA,NA,1,,2,muscaribotryoides,0,0,1,0
narcissuspoeticus,1,0,1,Narcissus poeticus,Amaryllidaceae1,1,1,4,3,3,0,2,1,1,NA,NA,,NA,NA,NA,,1,NA,NA,NA,1,,2,narcissuspoeticus,0,0,1,0
narcissuspseudonarcissus,1,0,1,Narcissus pseudonarcissus,Amaryllidaceae,1,1,4,3,3,0,2,2,1,NA,NA,,NA,NA,1,,NA,NA,NA,NA,1,,2,narcissuspseudonarcissus,0,0,1,0
nupharadvena,1,0,1,Nuphar advena,Nymphaeaceae,0,10,6,3,2,0,2,1,1,NA,NA,,NA,NA,NA,,1,NA,NA,NA,NA,,1,nupharadvena,0,0,1,0
nymphaeaodorata,1,0,1,Nymphaea odorata,Nymphaeaceae,0,10,7,3,3,0,2,3,1,NA,NA,,NA,NA,NA,,1,NA,NA,NA,NA,,1,nymphaeaodorata,0,0,1,0
panicumdichotomiflorum,1,0,1,Panicum dichotomiflorum,Poaceae,0,3,5,1,1,0,2,3,0,NA,NA,,NA,NA,NA,,1,NA,NA,1,1,,3,panicumdichotomiflorum,0,0,1,0
phalarisarundinacea,1,0,1,Phalaris arundinacea,Poaceae,0,3,4,2,3,0,2,2,0,NA,NA,,NA,NA,NA,,1,NA,NA,1,NA,,2,phalarisarundinacea,0,0,1,0
phegopterishexagonoptera,1,0,1,Phegopteris hexagonoptera,Thelypteridaceae,0,2,4,3,3,0,2,2,0,1,1,1,NA,NA,NA,,NA,NA,NA,NA,NA,,3,phegopterishexagonoptera,0,0,1,0
phragmitesaustralis,1,0,1,Phragmites australis,Poaceae,0,3,5,3,3,0,2,4,0,NA,1,1,NA,1,NA,,1,NA,NA,1,NA,,5,phragmitesaustralis,0,0,1,0
physalisheterophylla,1,0,1,Physalis heterophylla,Solanaceae,0,1,4,3,3,0,2,3,1,NA,1,,NA,NA,1,,NA,NA,NA,NA,NA,,2,physalisheterophylla,0,0,1,0
plantagomajor,1,0,1,Plantago major,Plantaginaceae,1,1,3,3,1,0,2,1,1,NA,NA,,NA,NA,1,,NA,NA,NA,NA,1,,2,plantagomajor,0,0,1,0
poapalustris,1,0,1,Poa palustris,Poaceae,0,3,3,3,1,0,2,1,0,NA,NA,,NA,NA,NA,,1,NA,NA,NA,NA,,1,poapalustris,0,0,1,0
poatrivialis,1,0,1,Poa trivialis,Poaceae,1,3,3,3,2,0,2,2,0,NA,NA,,NA,NA,1,,NA,NA,NA,NA,1,,2,poatrivialis,0,0,1,0
polygalasenega,1,0,1,Polygala senega,Polygalaceae,0,1,3,3,1,0,2,1,1,1,1,,NA,NA,1,,NA,NA,NA,NA,NA,,3,polygalasenega,0,0,1,0
pontederiacordata,1,0,1,Pontederia cordata,Pontederiaceae,0,1,6,3,3,0,2,1,1,NA,NA,,NA,NA,NA,,1,NA,NA,NA,NA,,1,pontederiacordata,0,0,1,0
portulacagrandiflora,1,0,1,Portulaca grandiflora,Portulacaceae,1,6,5,1,1,0,2,1,1,NA,NA,,NA,NA,1,,NA,NA,NA,NA,1,,2,portulacagrandiflora,0,0,1,0
prunusvirginiana,1,0,1,Prunus virginiana,Rosaceae,0,4,1,3,1,0,2,3,1,NA,NA,1,NA,NA,NA,1,1,NA,NA,NA,NA,,3,prunusvirginiana,0,0,1,0
quercusmichauxii,1,0,1,Quercus michauxii,Fagaceae,0,5,1,3,1,0,2,5,0,NA,1,,NA,NA,NA,,NA,NA,NA,NA,NA,,1,quercusmichauxii,0,0,1,0
quercusvelutina,1,0,1,Quercus velutina,Fagaceae,0,5,1,3,1,0,2,5,0,1,1,,NA,NA,NA,1,NA,NA,NA,NA,NA,,3,quercusvelutina,0,0,1,0
ranunculusmicranthus,1,0,1,Ranunculus micranthus,Ranunculaceae,0,1,3,3,1,0,2,1,1,1,1,,NA,NA,NA,,NA,NA,NA,NA,NA,,2,ranunculusmicranthus,0,0,1,0
rhamnuscathartica,1,0,1,Rhamnus cathartica,Rhamnaceae,1,4,1,3,1,1,2,3,1,NA,1,1,NA,NA,NA,,NA,NA,NA,NA,1,,3,rhamnuscathartica,0,0,1,0
rhodotyposscandens,1,0,1,Rhodotypos scandens,Rosaceae,1,4,1,3,1,0,2,3,1,NA,1,1,NA,NA,NA,,NA,NA,NA,NA,1,,3,rhodotyposscandens,0,0,1,0
rhusaromatica,1,0,1,Rhus aromatica,Anacardiaceae,0,4,1,3,2,0,2,3,1,NA,1,1,NA,NA,1,1,NA,NA,NA,NA,NA,,4,rhusaromatica,0,0,1,0
rhustyphina,1,0,1,Rhus typhina,Anacardiaceae,0,4,1,3,3,0,2,3,1,NA,NA,1,NA,NA,1,,NA,NA,NA,NA,1,,3,rhustyphina,0,0,1,0
robiniahispida,1,0,1,Robinia hispida,Fabaceae,1,4,1,3,3,0,2,1,1,1,1,,NA,NA,NA,,NA,NA,NA,NA,NA,,2,robiniahispida,0,0,1,0
rosacarolina,1,0,1,Rosa carolina,Rosaceae,0,4,1,3,3,1,2,3,1,NA,1,,NA,NA,1,1,NA,NA,NA,NA,NA,,3,rosacarolina,0,0,1,0
rosamultiflora,1,0,1,Rosa multiflora,Rosaceae,1,4,1,3,3,1,2,3,1,NA,1,1,NA,NA,NA,,NA,NA,NA,NA,1,,3,rosamultiflora,0,0,1,0
rubusidaeus,1,0,1,Rubus idaeus,Rosaceae,0,4,1,3,2,1,2,3,1,1,1,,NA,1,NA,,NA,NA,NA,NA,1,,4,rubusidaeus,0,0,1,0
ruelliahumilis,1,0,1,Ruellia humilis,Acanthaceae,0,1,4,3,1,0,2,1,1,NA,1,,NA,1,NA,,NA,NA,NA,NA,NA,,2,ruelliahumilis,0,0,1,0
salixalba,1,0,1,Salix alba,Salicaceae,1,5,1,3,1,0,2,2,0,1,1,1,NA,NA,NA,,NA,NA,NA,NA,1,,4,salixalba,0,0,1,0
salixeriocephala,1,0,1,Salix eriocephala,Salicaceae,0,4,1,3,1,0,2,2,0,NA,NA,,NA,NA,NA,,NA,NA,NA,1,NA,,1,salixeriocephala,0,0,1,0
salixinterior,1,0,1,Salix interior,Salicaceae,0,4,1,3,3,0,2,2,0,NA,NA,,NA,NA,NA,,NA,NA,NA,1,NA,,1,salixinterior,0,0,1,0
sassafrasalbidum,1,0,1,Sassafras albidum,Lauraceae,0,5,1,3,1,0,2,3,1,1,1,,NA,NA,NA,,NA,NA,NA,NA,NA,,2,sassafrasalbidum,0,0,1,0
scutellariagalericulata,1,0,1,Scutellaria galericulata,Lamiaceae,0,1,4,3,3,0,2,"1,2",1,NA,NA,,NA,NA,NA,,1,NA,NA,NA,NA,,1,scutellariagalericulata,0,0,1,0
securigeravaria,1,0,1,Securigera varia,Fabaceae,1,1,4,3,3,0,                         ?,1,1,NA,NA,,NA,NA,1,,NA,NA,NA,NA,1,,2,securigeravaria,0,0,1,0
sedumsarmentosum,1,0,1,Sedum sarmentosum,Crassulaceae,1,6,2,3,2,0,2,2,1,NA,NA,,NA,NA,1,,NA,NA,NA,NA,1,,2,sedumsarmentosum,0,0,1,0
seneciovulgaris,1,0,1,Senecio vulgaris,Asteraceae,1,1,5,"            1,2",1,0,2,2,1,NA,NA,,NA,NA,1,,NA,NA,NA,NA,1,,2,seneciovulgaris,0,0,1,0
setariafaberi,1,0,1,Setaria faberi,Poaceae,1,3,5,1,1,0,2,4,0,NA,NA,,NA,NA,1,,NA,NA,NA,NA,1,,2,setariafaberi,0,0,1,0
silenevulgaris,1,0,1,Silene vulgaris,Caryophyllaceae,1,1,3,3,1,0,2,1,1,NA,NA,,NA,NA,1,,NA,NA,NA,NA,1,,2,silenevulgaris,0,0,1,0
sisymbriumaltissimum,1,0,1,Sisymbrium altissimum,Brassicaceae,1,1,5,"            1,2",1,0,2,1,1,NA,NA,,NA,NA,1,,NA,NA,NA,NA,1,,2,sisymbriumaltissimum,0,0,1,0
smilaxrotundifolia,1,0,1,Smilax rotundifolia,Smilacaceae,0,8,1,3,1,1,2,3,1,NA,1,1,NA,NA,1,,NA,NA,NA,NA,NA,,3,smilaxrotundifolia,0,0,1,0
solanumcarolinense,1,0,1,Solanum carolinense,Solanaceae,1,1,4,3,3,1,2,3,1,NA,NA,,NA,NA,1,,NA,NA,NA,NA,1,,2,solanumcarolinense,0,0,1,0
sonchusasper,1,0,1,Sonchus asper,Asteraceae,1,1,5,1,1,1,2,2,1,NA,NA,,NA,NA,1,,NA,NA,NA,NA,1,,2,sonchusasper,0,0,1,0
sorghastrumnutans,1,0,1,Sorghastrum nutans,Poaceae,0,3,4,3,3,0,2,2,0,NA,NA,,NA,NA,1,,NA,NA,NA,NA,NA,,1,sorghastrumnutans,0,0,1,0
stachysbyzantina,1,0,1,Stachys byzantina,Lamiaceae,1,1,3,3,1,0,2,1,1,NA,NA,,NA,NA,1,,NA,NA,NA,NA,1,,2,stachysbyzantina,0,0,1,0
symphyotrichumdrummondii,1,0,1,Symphyotrichum drummondii,Asteraceae,0,1,4,3,3,0,2,2,1,NA,1,1,NA,NA,NA,,NA,NA,NA,NA,NA,,2,symphyotrichumdrummondii,0,0,1,0
symphyotrichumericoides,1,0,1,Symphyotrichum ericoides,Asteraceae,0,1,4,3,3,0,2,2,1,NA,1,,NA,NA,1,,NA,NA,NA,NA,NA,,2,symphyotrichumericoides,0,0,1,0
tragopogondubius,1,0,1,Tragopogon dubius,Asteraceae,1,1,3,3,1,0,2,2,1,NA,NA,,NA,NA,1,,NA,NA,NA,NA,1,,2,tragopogondubius,0,0,1,0
tragopogonpratensis,1,0,1,Tragopogon pratensis,Asteraceae,1,1,3,2,1,0,2,2,1,NA,NA,,NA,NA,1,,NA,NA,NA,NA,1,,2,tragopogonpratensis,0,0,1,0
trifoliumcampestre,1,0,1,Trifolium campestre,Fabaceae,1,1,5,1,1,0,2,3,1,NA,NA,,NA,NA,1,,NA,NA,NA,NA,1,,2,trifoliumcampestre,0,0,1,0
trifoliumdubium,1,0,1,Trifolium dubium,Fabaceae,1,1,5,1,1,0,2,"1,4",1,NA,NA,,NA,NA,1,,NA,NA,NA,NA,1,,2,trifoliumdubium,0,0,1,0
trifoliumhybridum,1,0,1,Trifolium hybridum,Fabaceae,1,1,3,3,1,0,2,3,1,NA,NA,,NA,NA,1,,NA,NA,NA,NA,1,,2,trifoliumhybridum,0,0,1,0
trifoliumrepens,1,0,1,Trifolium repens,Fabaceae,1,1,5,3,2,0,2,3,1,NA,NA,,NA,NA,1,,NA,NA,NA,NA,1,,2,trifoliumrepens,0,0,1,0
trilliumerectum,1,0,1,Trillium erectum,Melanthiaceae,0,1,4,3,3,0,2,4,1,1,1,,NA,NA,NA,,NA,NA,NA,NA,NA,,2,trilliumerectum,0,0,1,0
ulmuspumila,1,0,1,Ulmus pumila,Ulmaceae,1,5,1,3,1,0,2,2,0,NA,1,1,NA,NA,NA,,NA,NA,NA,NA,1,,3,ulmuspumila,0,0,1,0
uvulariagrandiflora,1,0,1,Uvularia grandiflora,Colchicaceae,0,1,4,3,3,0,2,4,1,1,1,,NA,NA,NA,,NA,NA,NA,NA,NA,,2,uvulariagrandiflora,0,0,1,0
valerianellaradiata,1,0,1,Valerianella radiata,Valerianaceae,0,1,5,"            1,2",1,0,2,1,1,NA,NA,,NA,NA,NA,,NA,NA,NA,NA,NA,,0,valerianellaradiata,0,0,1,0
verbenahastata,1,0,1,Verbena hastata,Verbenaceae,0,1,3,3,1,0,2,1,1,NA,NA,,NA,NA,1,,1,NA,NA,NA,NA,,2,verbenahastata,0,0,1,0
veronicapersica,1,0,1,Veronica persica,Plantaginaceae,1,1,5,1,1,0,2,1,1,NA,NA,,NA,NA,1,,NA,NA,NA,NA,1,,2,veronicapersica,0,0,1,0
veronicapolita,1,0,1,Veronica polita,Plantaginaceae,1,1,5,1,1,0,2,1,1,NA,NA,,NA,NA,1,,NA,NA,NA,NA,1,,2,veronicapolita,0,0,1,0
viburnumdentatum,1,0,1,Viburnum dentatum,Adoxaceae,1,4,1,3,1,0,2,3,1,1,1,,NA,NA,NA,,NA,NA,NA,NA,NA,,2,viburnumdentatum,0,0,1,0
viburnumlantana,1,0,1,Viburnum lantana,Adoxaceae,1,4,1,3,1,0,2,3,1,NA,NA,1,NA,NA,NA,,NA,NA,NA,NA,1,,2,viburnumlantana,0,0,1,0
viburnumopulus,1,0,1,Viburnum opulus,Adoxaceae,0,4,1,3,1,0,2,3,1,1,1,,NA,NA,NA,,NA,NA,NA,NA,NA,,2,viburnumopulus,0,0,1,0
violasagittata,1,0,1,Viola sagittata,Violaceae,0,1,3,3,2,0,2,4,1,NA,1,,NA,NA,1,,1,NA,NA,NA,NA,,3,violasagittata,0,0,1,0
vitisaestivalis,1,0,1,Vitis aestivalis,Vitaceae,0,8,1,3,1,0,2,3,1,NA,1,1,NA,NA,NA,,NA,NA,NA,NA,1,,3,vitisaestivalis,0,0,1,0
zeamays,1,0,1,Zea mays,Poaceae,1,1,5,1,1,0,2,1,0,NA,NA,,NA,NA,1,,NA,NA,NA,NA,1,,2,zeamays,0,0,1,0
