regionNow	mcHistory	mcNow	species	usda_code	family	nonnative	exclude	excludeReason	nameChangeDate
1	1	1	Abutilon theophrasti	ABTH	Malvaceae	1			
1	1	0	Acorus americanus	ACAM	Acoraceae	0			
1	0	1	Acorus calamus	ACCA4	Acoraceae	0			
1	0	1	Acalypha deamii	ACDE4	Euphorbiaceae	0			
1	1	1	Achillea millefolium	ACMI2	Asteraceae	1			
1	1	1	Acer negundo	ACNE2	Sapindaceae	0			
1	1	1	Acer nigrum	ACNI5	Sapindaceae	0			
1	0	0	Acalypha ostryifolia	ACOS	Euphorbiaceae	0			
1	0	1	Actaea pachypoda	ACPA	Ranunculaceae	0			
1	0	1	Acer platanoides	ACPL	Sapindaceae	1			
1	0	0	Acalypha rhomboidea	ACRH	Euphorbiaceae	0			
1	1	1	Acer rubrum	ACRU	Sapindaceae	0			
1	0	0	Actaea rubra	ACRU2	Ranunculaceae	0			
1	1	1	Acer saccharinum	ACSA2	Sapindaceae	0			
1	1	1	Acer saccharum	ACSA3	Sapindaceae	0			
1	1	1	Acalypha virginica	ACVI	Euphorbiaceae	0			
1	1	1	Adiantum pedatum	ADPE	Pteridaceae	0			
1	0	0	Aegilops cylindrica	AECY	Poaceae	1			
1	1	1	Aesculus glabra	AEGL	Sapindaceae	0			
1	0	1	Aegopodium podagraria	AEPO	Apiaceae	1			
1	1	1	Ageratina altissima	AGAL5	Asteraceae	0			
1	1	0	Agrostemma githago	AGGI	Caryophyllaceae	1			
1	1	1	Agrostis gigantea	AGGI2	Poaceae	1			
1	0	1	Agrimonia gryposepala	AGGR2	Rosaceae	0			
1	1	0	Agrostis hyemalis	AGHY	Poaceae	0			
1	1	1	Agastache nepetoides	AGNE2	Lamiaceae	0			
1	0	0	Agalinis paupercula	AGPA12	Orobanchaceae	0			
1	1	1	Agrimonia parviflora	AGPA6	Rosaceae	0			
1	1	0	Agrostis perennans	AGPE	Poaceae	0			
1	1	1	Agrimonia pubescens	AGPU	Rosaceae	0			
1	0	0	Agalinis purpurea	AGPU5	Orobanchaceae	0			
1	1	1	Agrimonia rostellata	AGRO3	Rosaceae	0			
1	1	0	Agastache scrophulariifolia	AGSC	Lamiaceae	0			
1	0	0	Agrostis scabra	AGSC5	Poaceae	0			
1	0	0	Agrostis stolonifera	AGST2	Poaceae	1			
1	1	0	Agalinis tenuifolia	AGTE3	Orobanchaceae	0			
1	1	1	Ailanthus altissima	AIAL	Simaroubaceae	1			
1	0	1	Ajuga reptans	AJRE	Lamiaceae	1			
1	1	0	Alopecurus aequalis	ALAE	Poaceae	0			
1	0	1	Allium canadense	ALCA3	Alliaceae	0			
1	1	0	Alopecurus carolinianus	ALCA4	Poaceae	0			
1	1	1	Allium cernuum	ALCE2	Alliaceae	0			
1	0	1	Alnus glutinosa	ALGL2	Betulaceae	1			
1	0	1	Alliaria petiolata	ALPE4	Brassicaceae	1			
1	1	1	Alopecurus pratensis	ALPR3	Poaceae	1			
1	0	1	Alcea rosea	ALRO3	Malvaceae	1			
1	1	1	Alisma subcordatum	ALSU	Alismataceae	0			
1	1	1	Allium tricoccum	ALTR3	Alliaceae	0			
1	1	1	Allium vineale	ALVI	Alliaceae	1			
1	0	0	Amaranthus albus	AMAL	Amaranthaceae	1			
1	0	1	Amaranthus arenicola	AMAR	Amaranthaceae	1			
1	1	1	Ambrosia artemisiifolia	AMAR2	Asteraceae	0			
1	1	0	Amaranthus blitoides	AMBL	Amaranthaceae	1			
1	0	1	Amphicarpaea bracteata	AMBR2	Fabaceae	0			
1	0	1	Amorpha fruticosa	AMFR	Fabaceae	0			
1	1	1	Amaranthus hybridus	AMHY	Amaranthaceae	1			
1	1	0	Amaranthus retroflexus	AMRE	Amaranthaceae	1			
1	1	0	Amaranthus spinosus	AMSP	Amaranthaceae	1			
1	1	1	Ambrosia trifida	AMTR	Asteraceae	0			
1	1	1	Amaranthus tuberculatus	AMTU	Amaranthaceae	0			
1	1	1	Anthemis arvensis	ANAR6	Asteraceae	1			
1	0	1	Angelica atropurpurea	ANAT	Apiaceae	0			
1	1	1	Anemone canadensis	ANCA8	Ranunculaceae	0			
1	1	0	Anthemis cotula	ANCO2	Asteraceae	1			
1	1	0	Andropogon gerardii	ANGE	Poaceae	0			
1	1	1	Antennaria neglecta	ANNE	Asteraceae	0			
1	0	0	Antennaria parlinii	ANPA9	Asteraceae	0			
1	1	0	Antennaria plantaginifolia	ANPL	Asteraceae	0			
1	1	0	Andropogon virginicus	ANVI2	Poaceae	1			
1	1	1	Anemone virginiana	ANVI3	Ranunculaceae	0			
1	0	1	Apios americana	APAM	Fabaceae	0			
1	0	1	Apocynum androsaemifolium	APAN2	Apocynaceae	0			
1	1	1	Apocynum cannabinum	APCA	Apocynaceae	0			
1	0	1	Aplectrum hyemale	APHY	Orchidaceae	0			
1	1	0	Aquilegia canadensis	AQCA	Ranunculaceae	0			
1	1	1	Artemisia annua	ARAN3	Asteraceae	1			
1	1	1	Arnoglossum atriplicifolium	ARAT	Asteraceae	0			
1	0	0	Artemisia biennis	ARBI2	Asteraceae	1			
1	1	1	Arisaema dracontium	ARDR3	Araceae	0			
1	1	0	Arrhenatherum elatius	AREL3	Poaceae	1			
1	0	1	Arabis hirsuta	ARHI	Brassicaceae	0			
1	0	1	Aralia hispida	ARHI2	Araliaceae	0			
1	1	1	Arabis laevigata	ARLA	Brassicaceae	0			
1	1	0	Aristida longespica	ARLO16	Poaceae	0			
1	1	1	Arctium minus	ARMI2	Asteraceae	1			
1	1	0	Aristida oligantha	AROL	Poaceae	1			
1	0	0	Arnoglossum plantagineum	ARPL4	Asteraceae	0			
1	0	0	Aralia racemosa	ARRA	Araliaceae	0			
1	1	1	Arnoglossum reniforme	ARRE6	Asteraceae	0			
1	0	0	Armoracia rusticana	ARRU4	Brassicaceae	1			
1	1	1	Arenaria serpyllifolia	ARSE2	Caryophyllaceae	1			
1	1	1	Aristolochia serpentaria	ARSE3	Aristolochiaceae	0			
1	0	0	Arabis shortii	ARSH2	Brassicaceae	0			
1	0	1	Aralia spinosa	ARSP2	Araliaceae	0			
1	0	0	Aristolochia tomentosa	ARTO3	Aristolochiaceae	0			
1	1	1	Arisaema triphyllum	ARTR	Araceae	0			
1	0	1	Artemisia vulgaris	ARVU	Asteraceae	1			
1	1	1	Asarum canadense	ASCA	Aristolochiaceae	0			
1	1	0	Asclepias exaltata	ASEX	Apocynaceae	0			
1	0	0	Asclepias hirtella	ASHI	Apocynaceae	0			
1	1	1	Asclepias incarnata	ASIN	Apocynaceae	0			
1	1	1	Asparagus officinalis	ASOF	Asparagaceae	1			
1	1	1	Asplenium platyneuron	ASPL	Aspleniaceae	0			
1	0	0	Asclepias quadrifolia	ASQU	Apocynaceae	0			
1	0	0	Asplenium rhizophyllum	ASRH2	Aspleniaceae	0			
1	0	0	Asclepias sullivantii	ASSU3	Apocynaceae	0			
1	1	1	Asclepias syriaca	ASSY	Apocynaceae	0			
1	1	1	Asimina triloba	ASTR	Annonaceae	0			
1	0	1	Asclepias tuberosa	ASTU	Apocynaceae	0			
1	1	1	Asclepias verticillata	ASVE	Apocynaceae	0			
1	0	0	Athyrium filix-femina	ATFI	Dryopteridaceae	0			
1	1	0	Atriplex patula	ATPA4	Amaranthaceae	0			
1	0	0	Atriplex prostrata	ATPR	Amaranthaceae	1			
1	0	0	Azolla caroliniana	AZCA	Azollaceae	0			
1	0	0	Baptisia alba	BAAL	Fabaceae	0			
1	0	0	Bartonia paniculata	BAPA2	Gentianaceae	0			
1	0	1	Barbarea verna	BAVE	Brassicaceae	1			
1	1	1	Barbarea vulgaris	BAVU	Brassicaceae	1			
1	0	0	Belamcanda chinensis	BECH	Iridaceae	1			
1	0	0	Betula nigra	BENI	Betulaceae	0			
1	0	1	Betula papyrifera	BEPA	Betulaceae	0			
1	0	1	Berberis thunbergii	BETH	Berberidaceae	1			
1	0	0	Bidens aristosa	BIAR	Asteraceae	0			
1	1	1	Bidens bipinnata	BIBI7	Asteraceae	0			
1	1	1	Bidens cernua	BICE	Asteraceae	0			
1	1	1	Bidens coronata	BICO	Asteraceae	0			
1	0	0	Bidens connata	BICO5	Asteraceae	0			
1	1	1	Bidens frondosa	BIFR	Asteraceae	0			
1	0	0	Bidens tripartita	BITR	Asteraceae	1			
1	1	1	Bidens vulgata	BIVU	Asteraceae	0			
1	0	1	Blephilia ciliata	BLCI	Lamiaceae	0			
1	1	1	Blephilia hirsuta	BLHI	Lamiaceae	0			
1	0	0	Boltonia asteroides	BOAS	Asteraceae	0			
1	1	1	Boehmeria cylindrica	BOCY	Urticaceae	0			
1	0	1	Botrychium dissectum	BODI2	Ophioglossaceae	0			
1	1	1	Botrychium virginianum	BOVI	Ophioglossaceae	0			
1	1	0	Bromus arvensis	BRAR5	Poaceae	1			
1	1	1	Brachyelytrum erectum	BRER2	Poaceae	0			
1	1	1	Bromus inermis	BRIN2	Poaceae	1			
1	0	0	Brassica juncea	BRJU	Brassicaceae	1			
1	0	0	Bromus kalmii	BRKA2	Poaceae	0			
1	1	0	Bromus latiglumis	BRLA4	Poaceae	0			
1	1	1	Brassica nigra	BRNI	Brassicaceae	1			
1	0	1	Brassica rapa	BRRA	Brassicaceae	1			
1	1	0	Bromus racemosus	BRRA2	Poaceae	1			
1	1	0	Bromus secalinus	BRSE	Poaceae	1			
1	1	1	Bromus tectorum	BRTE	Poaceae	1			
1	0	1	Buglossoides arvensis	BUAR3	Boraginaceae	1			
1	1	0	Carex albursina	CAAL11	Cyperaceae	0			
1	1	0	Carex albicans	CAAL25	Cyperaceae	0			
1	1	1	Campanula americana	CAAM18	Campanulaceae	0			
1	1	1	Carex amphibola	CAAM8	Cyperaceae	0			
1	0	0	Campanula aparinoides	CAAP2	Campanulaceae	0			
1	0	0	Carex atherodes	CAAT2	Cyperaceae	0			
1	0	0	Carex atlantica	CAAT4	Cyperaceae	0			
1	0	0	Carex bicknellii	CABI3	Cyperaceae	0			
1	0	1	Catalpa bignonioides	CABI8	Bignoniaceae	1			
1	1	1	Carex blanda	CABL	Cyperaceae	0			
1	1	0	Carex brevior	CABR10	Cyperaceae	0			
1	1	0	Carex bromoides	CABR14	Cyperaceae	0			
1	1	1	Capsella bursa-pastoris	CABU2	Brassicaceae	1			
1	1	1	Cardamine bulbosa	CABU3	Brassicaceae	0			
1	0	0	Carex buxbaumii	CABU6	Cyperaceae	0			
1	1	0	Carex careyana	CACA14	Cyperaceae	0			
1	1	1	Carpinus caroliniana	CACA18	Betulaceae	0			
1	1	0	Calamagrostis canadensis	CACA4	Poaceae	0			
1	1	1	Carex cephalophora	CACE	Cyperaceae	0			
1	1	1	Carex conjuncta	CACO13	Cyperaceae	0			
1	1	1	Carya cordiformis	CACO15	Juglandaceae	0			
1	1	1	Cardamine concatenata	CACO26	Brassicaceae	0			
1	1	1	Carex communis	CACO7	Cyperaceae	0			
1	0	0	Carex comosa	CACO8	Cyperaceae	0			
1	1	0	Carex crinita	CACR6	Cyperaceae	0			
1	1	1	Carex cristatella	CACR7	Cyperaceae	0			
1	1	1	Carex davisii	CADA	Cyperaceae	0			
1	0	0	Carex digitalis	CADI5	Cyperaceae	0			
1	1	1	Cardamine douglassii	CADO	Brassicaceae	0			
1	1	0	Cardaria draba	CADR	Brassicaceae	1			
1	0	0	Carex echinata	CAEC	Cyperaceae	0			
1	1	1	Carex emoryi	CAEM2	Cyperaceae	0			
1	1	0	Carex festucacea	CAFE3	Cyperaceae	0			
1	1	1	Carex frankii	CAFR3	Cyperaceae	0			
1	0	1	Carya glabra	CAGL8	Juglandaceae	0			
1	0	0	Carex gracillima	CAGR2	Cyperaceae	0			
1	0	0	Carex grisea	CAGR24	Cyperaceae	0			
1	1	1	Carex granularis	CAGR3	Cyperaceae	0			
1	1	1	Carex grayi	CAGR5	Cyperaceae	0			
1	1	0	Carex gracilescens	CAGR8	Cyperaceae	0			
1	0	0	Calystegia hederacea	CAHE21	Convolvulaceae	1			
1	0	1	Cardamine hirsuta	CAHI3	Brassicaceae	1			
1	1	0	Carex hirtifolia	CAHI5	Cyperaceae	0			
1	0	0	Carex hirsutella	CAHI6	Cyperaceae	0			
1	1	0	Carex hitchcockiana	CAHI8	Cyperaceae	0			
1	1	0	Carex hyalinolepis	CAHY3	Cyperaceae	0			
1	1	1	Carex hystericina	CAHY4	Cyperaceae	0			
1	0	0	Carex intumescens	CAIN12	Cyperaceae	0			
1	1	1	Carex jamesii	CAJA2	Cyperaceae	0			
1	1	1	Carex laevivaginata	CALA14	Cyperaceae	0			
1	0	1	Carex lacustris	CALA16	Cyperaceae	0			
1	0	0	Carex laxiculmis	CALA18	Cyperaceae	0			
1	1	1	Carex laxiflora	CALA19	Cyperaceae	0			
1	1	1	Carya laciniosa	CALA21	Juglandaceae	0			
1	1	0	Carex leptalea	CALE10	Cyperaceae	0			
1	1	1	Carex leavenworthii	CALE6	Cyperaceae	0			
1	1	0	Carex lupuliformis	CALU3	Cyperaceae	0			
1	1	0	Carex lupulina	CALU4	Cyperaceae	0			
1	0	1	Carex lurida	CALU5	Cyperaceae	0			
1	0	0	Carex meadii	CAME2	Cyperaceae	0			
1	1	0	Camelina microcarpa	CAMI2	Brassicaceae	1			
1	1	1	Carex molesta	CAMO11	Cyperaceae	0			
1	1	0	Carex muskingumensis	CAMU9	Cyperaceae	0			
1	1	1	Carex normalis	CANO	Cyperaceae	0			
1	1	1	Carduus nutans	CANU4	Asteraceae	1			
1	1	0	Carex oligocarpa	CAOL2	Cyperaceae	0			
1	0	1	Celastrus orbiculatus	CAOR7	Celastraceae	1			
1	1	1	Carya ovata	CAOV2	Juglandaceae	0			
1	1	1	Caltha palustris	CAPA5	Ranunculaceae	0			
1	0	1	Calystegia pellita	CAPE	Convolvulaceae	1			
1	1	0	Cardamine pensylvanica	CAPE3	Brassicaceae	0			
1	0	0	Carex pellita	CAPE42	Cyperaceae	0			
1	1	0	Carex pensylvanica	CAPE6	Cyperaceae	0			
1	0	0	Carex prairea	CAPR6	Cyperaceae	0			
1	1	1	Campsis radicans	CARA2	Bignoniaceae	1			
1	0	1	Carex radiata	CARA8	Cyperaceae	0			
1	1	0	Carex rosea	CARO22	Cyperaceae	0			
1	1	0	Cannabis sativa	CASA3	Cannabaceae	1			
1	0	0	Carex sartwellii	CASA8	Cyperaceae	0			
1	0	0	Carex scoparia	CASC11	Cyperaceae	0			
1	1	1	Camassia scilloides	CASC5	Agavaceae	0			
1	1	1	Calystegia sepium	CASE13	Convolvulaceae	0			
1	1	1	Carex shortiana	CASH2	Cyperaceae	0			
1	0	1	Calystegia silvatica	CASI10	Convolvulaceae	0			
1	1	1	Carex sparganioides	CASP3	Cyperaceae	0			
1	0	1	Catalpa speciosa	CASP8	Bignoniaceae	1			
1	1	0	Carex squarrosa	CASQ2	Cyperaceae	0			
1	0	0	Carex sterilis	CAST16	Cyperaceae	0			
1	1	1	Carex stipata	CAST5	Cyperaceae	0			
1	0	0	Carex stricta	CAST8	Cyperaceae	0			
1	0	1	Carex suberecta	CASU5	Cyperaceae	0			
1	1	0	Carex swanii	CASW	Cyperaceae	0			
1	0	0	Carex tenera	CATE3	Cyperaceae	0			
1	1	1	Caulophyllum thalictroides	CATH2	Berberidaceae	0			
1	0	1	Carya tomentosa	CATO6	Juglandaceae	0			
1	1	1	Carex tribuloides	CATR7	Cyperaceae	0			
1	0	1	Carex trichocarpa	CATR8	Cyperaceae	0			
1	0	0	Calopogon tuberosus	CATU5	Orchidaceae	0			
1	0	0	Carex umbellata	CAUM4	Cyperaceae	0			
1	1	0	Carex utriculata	CAUT	Cyperaceae	0			
1	1	1	Carex vulpinoidea	CAVU2	Cyperaceae	0			
1	0	0	Carex willdenowii	CAWI2	Cyperaceae	0			
1	0	0	Carex woodii	CAWO2	Cyperaceae	0			
1	0	0	Ceanothus americanus	CEAM	Rhamnaceae	0			
1	1	1	Cercis canadensis	CECA4	Fabaceae	0			
1	0	0	Ceratophyllum demersum	CEDE4	Ceratophyllaceae	0			
1	1	1	Cerastium fontanum	CEFO2	Caryophyllaceae	1			
1	0	0	Cenchrus longispinus	CELO3	Poaceae	0			
1	1	0	Cerastium nutans	CENU2	Caryophyllaceae	0			
1	1	1	Celtis occidentalis	CEOC	Cannabaceae	0			
1	1	1	Cephalanthus occidentalis	CEOC2	Rubiaceae	0			
1	1	1	Celastrus scandens	CESC	Celastraceae	0			
1	1	0	Cenchrus spinifex	CESP4	Poaceae	0			
1	0	1	Centaurea stoebe	CEST8	Asteraceae	1			
1	0	1	Chenopodium album	CHAL7	Amaranthaceae	1			
1	0	0	Chamaecrista fasciculata	CHFA2	Fabaceae	0			
1	1	0	Chelone glabra	CHGL2	Plantaginaceae	0			
1	0	0	Chenopodium glaucum	CHGL3	Amaranthaceae	1			
1	1	0	Chasmanthium latifolium	CHLA5	Poaceae	1			
1	1	0	Euphorbia maculata	CHMA15	Euphorbiaceae	0			5/6/2016
1	0	0	Chelidonium majus	CHMA2	Papaveraceae	1			
1	1	0	Chaenorhinum minus	CHMI	Plantaginaceae	1			
1	1	0	Chenopodium murale	CHMU2	Amaranthaceae	1			
1	1	1	Chelone obliqua	CHOB3	Plantaginaceae	0			
1	1	0	Chaerophyllum procumbens	CHPR	Apiaceae	0			
1	0	0	Chenopodium simplex	CHSI2	Amaranthaceae	0			
1	1	0	Chenopodium standleyanum	CHST2	Amaranthaceae	0			
1	1	1	Chaerophyllum tainturieri	CHTA	Apiaceae	0			
1	1	0	Chenopodium urbicum	CHUR	Amaranthaceae	1			
1	1	0	Cirsium altissimum	CIAL2	Asteraceae	0			
1	1	1	Cinna arundinacea	CIAR2	Poaceae	0			
1	1	1	Cirsium arvense	CIAR4	Asteraceae	1			
1	1	1	Cirsium discolor	CIDI	Asteraceae	0			
1	1	1	Cichorium intybus	CIIN	Asteraceae	1			
1	1	1	Circaea lutetiana	CILU	Onagraceae	0			
1	1	1	Cicuta maculata	CIMA2	Apiaceae	0			
1	1	0	Cirsium muticum	CIMU	Asteraceae	0			
1	0	1	Cirsium vulgare	CIVU	Asteraceae	1			
1	1	1	Claytonia virginica	CLVI3	Montiaceae	0			
1	1	0	Clematis viorna	CLVI4	Ranunculaceae	1			
1	1	1	Clematis virginiana	CLVI5	Ranunculaceae	0			
1	1	0	Cornus alternifolia	COAL2	Cornaceae	0			
1	1	1	Conopholis americana	COAM	Orobanchaceae	0			
1	1	0	Cornus amomum	COAM2	Cornaceae	0			
1	1	0	Corylus americana	COAM3	Betulaceae	0			
1	1	1	Convolvulus arvensis	COAR4	Convolvulaceae	1			
1	1	1	Collinsonia canadensis	COCA4	Lamiaceae	0			
1	0	1	Conyza canadensis	COCA5	Asteraceae	0			
1	0	1	Cotinus coggygria	COCO10	Anacardiaceae	1			
1	1	1	Conoclinium coelestinum	COCO13	Asteraceae	1			
1	1	1	Commelina communis	COCO3	Commelinaceae	1			
1	1	1	Cornus drummondii	CODR	Cornaceae	0			
1	1	1	Cornus florida	COFL2	Cornaceae	0			
1	1	1	Corydalis flavula	COFL3	Papaveraceae	0			
1	0	1	Coreopsis lanceolata	COLA5	Asteraceae	0			
1	0	1	Conium maculatum	COMA2	Apiaceae	1			
1	0	1	Convallaria majalis	COMA7	Ruscaceae	1			
1	0	1	Cornus obliqua	COOB9	Cornaceae	0			
1	0	0	Corallorhiza odontorhiza	COOD7	Orchidaceae	0			
1	0	0	Conringia orientalis	COOR	Brassicaceae	1			
1	1	0	Comarum palustre	COPA28	Rosaceae	0			
1	0	1	Cornus racemosa	CORA6	Cornaceae	0			
1	0	1	Cornus sericea	COSE16	Cornaceae	0			
1	0	0	Coreopsis tripteris	COTR4	Asteraceae	0			
1	0	0	Comandra umbellata	COUM	Santalaceae	0			
1	1	0	Collinsia verna	COVE2	Plantaginaceae	0			
1	1	0	Crataegus calpodendron	CRCA	Rosaceae	0			
1	1	1	Cryptotaenia canadensis	CRCA9	Apiaceae	0			
1	1	0	Crataegus crus-galli	CRCR2	Rosaceae	0			
1	0	0	Crataegus disperma	CRDI4	Rosaceae	0			
1	0	0	Croton glandulosus	CRGL2	Euphorbiaceae	0			
1	0	0	Crataegus grandis	CRGR13	Rosaceae	0			
1	0	0	Crataegus macrosperma	CRMA3	Rosaceae	0			
1	0	0	Crataegus margarettiae	CRMA4	Rosaceae	0			
1	1	1	Crataegus mollis	CRMO2	Rosaceae	0			
1	1	0	Croton monanthogynus	CRMO6	Euphorbiaceae	0			
1	0	0	Crataegus pruinosa	CRPR2	Rosaceae	0			
1	1	1	Crataegus punctata	CRPU	Rosaceae	0			
1	0	0	Crataegus succulenta	CRSU5	Rosaceae	0			
1	1	1	Cuscuta gronovii	CUGR	Convolvulaceae	0			
1	0	0	Cuscuta polygonorum	CUPO	Convolvulaceae	0			
1	1	0	Cycloloma atriplicifolium	CYAT	Amaranthaceae	0			
1	1	1	Cyperus bipartitus	CYBI6	Cyperaceae	0			
1	1	0	Cystopteris bulbifera	CYBU3	Dryopteridaceae	0			
1	1	0	Cynodon dactylon	CYDA	Poaceae	1			
1	1	0	Cyperus erythrorhizos	CYER2	Cyperaceae	0			
1	1	1	Cyperus esculentus	CYES	Cyperaceae	0			
1	1	1	Cynanchum laeve	CYLA	Apocynaceae	1			
1	0	0	Cyperus lupulinus	CYLU2	Cyperaceae	0			
1	0	1	Cyperus odoratus	CYOD	Cyperaceae	0			
1	1	0	Cynoglossum officinale	CYOF	Boraginaceae	1			
1	1	1	Cystopteris protrusa	CYPR4	Dryopteridaceae	0			
1	0	0	Cypripedium reginae	CYRE6	Orchidaceae	0			
1	1	0	Cyperus squarrosus	CYSQ	Cyperaceae	0			
1	0	1	Cyperus strigosus	CYST	Cyperaceae	0			
1	0	0	Cystopteris tennesseensis	CYTE3	Dryopteridaceae	0			
1	1	1	Daucus carota	DACA6	Apiaceae	1			
1	0	0	Dasiphora fruticosa	DAFR6	Rosaceae	0			
1	1	1	Dactylis glomerata	DAGL	Poaceae	1			
1	1	1	Dasistoma macrophylla	DAMA	Scrophulariaceae	0			
1	0	0	Dalea purpurea	DAPU5	Fabaceae	0			
1	1	1	Danthonia spicata	DASP2	Poaceae	0			
1	1	1	Datura stramonium	DAST	Solanaceae	1			
1	1	1	Deparia acrostichoides	DEAC4	Dryopteridaceae	0			
1	1	1	Desmodium canadense	DECA7	Fabaceae	0			
1	1	1	Desmodium canescens	DECA8	Fabaceae	0			
1	1	0	Deschampsia cespitosa	DECE	Poaceae	0			
1	0	1	Desmodium glabellum	DEGL4	Fabaceae	0			
1	0	1	Desmodium glutinosum	DEGL5	Fabaceae	0			
1	0	1	Desmanthus illinoensis	DEIL	Fabaceae	0			
1	1	0	Desmodium nudiflorum	DENU4	Fabaceae	0			
1	1	1	Desmodium paniculatum	DEPA6	Fabaceae	0			
1	1	0	Desmodium pauciflorum	DEPA7	Fabaceae	0			
1	0	1	Desmodium perplexum	DEPE80	Fabaceae	0			
1	0	1	Descurainia pinnata	DEPI	Brassicaceae	1			
1	1	1	Delphinium tricorne	DETR	Ranunculaceae	0			
1	1	0	Decodon verticillatus	DEVE	Lythraceae	0			
1	1	0	Dichanthelium acuminatum	DIAC2	Poaceae	0			
1	1	1	Diarrhena americana	DIAM	Poaceae	0			
1	0	1	Dianthus armeria	DIAR	Caryophyllaceae	1			
1	1	1	Dicentra canadensis	DICA	Papaveraceae	0			
1	1	1	Dichanthelium clandestinum	DICL	Poaceae	0			
1	0	0	Dichanthelium commutatum	DICO2	Poaceae	0			
1	0	0	Digitaria cognata	DICO6	Poaceae	0			
1	1	1	Dicentra cucullaria	DICU	Papaveraceae	0			
1	0	1	Dipsacus fullonum	DIFU2	Dipsacaceae	1			
1	1	0	Digitaria ischaemum	DIIS	Poaceae	1			
1	0	1	Dipsacus laciniatus	DILA4	Dipsacaceae	1			
1	0	0	Dichanthelium latifolium	DILA8	Poaceae	0			
1	0	0	Panicum leibergii	DILE2	Poaceae	0			
1	1	0	Dichanthelium oligosanthes	DIOL	Poaceae	0			
1	0	1	Dirca palustris	DIPA9	Thymelaeaceae	0			
1	1	1	Diplazium pycnocarpon	DIPY	Dryopteridaceae	0			
1	0	1	Dioscorea quaternata	DIQU	Ebenaceae	0			
1	1	1	Digitaria sanguinalis	DISA	Poaceae	1			
1	0	0	Diodia teres	DITE2	Rubiaceae	0			
1	0	1	Duchesnea indica	DIUN	Rosaceae	1			
1	0	1	Dioscorea villosa	DIVI4	Dioscoreaceae	0			
1	0	0	Diospyros virginiana	DIVI5	Dioscoreaceae	0			
1	1	1	Dodecatheon meadia	DOME	Primulaceae	0			
1	0	1	Doellingeria umbellata	DOUM2	Asteraceae	0			
1	0	0	Dryopteris carthusiana	DRCA11	Dryopteridaceae	0			
1	1	0	Dryopteris cristata	DRCR4	Dryopteridaceae	0			
1	0	1	Drosera intermedia	DRIN3	Droseraceae	0			
1	0	0	Dryopteris marginalis	DRMA4	Dryopteridaceae	0			
1	0	0	Draba verna	DRVE2	Brassicaceae	1			
1	1	1	Dulichium arundinaceum	DUAR3	Cyperaceae	0			
1	0	0	Dysphania ambrosioides	DYAM	Chenopodiaceae	1			
1	1	0	Chenopodium botrys	DYBO	Amaranthaceae	1	1	synonym	
1	1	0	Dysphania botrys	DYBO	Chenopodiaceae	1			
1	0	0	Dyssodia papposa	DYPA	Asteraceae	1			
1	1	0	Echinochloa crus-galli	ECCR	Poaceae	1			
1	1	1	Echinocystis lobata	ECLO	Cucurbitaceae	0			
1	0	0	Eclipta prostrata	ECPR	Asteraceae	0			
1	0	0	Echinacea purpurea	ECPU	Asteraceae	0			
1	1	0	Echium vulgare	ECVU	Boraginaceae	1			
1	1	1	Eleocharis acicularis	ELAC	Cyperaceae	0			
1	0	1	Elaeagnus angustifolia	ELAN	Elaeagnaceae	1			
1	1	0	Elymus canadensis	ELCA4	Poaceae	0			
1	1	0	Elodea canadensis	ELCA7	Hydrocharitaceae	0			
1	0	0	Eleocharis compressa	ELCO2	Cyperaceae	0			
1	1	0	Eleocharis erythropoda	ELER	Cyperaceae	0			
1	1	1	Elymus hystrix	ELHY	Poaceae	0			
1	1	0	Eleusine indica	ELIN3	Poaceae	1			
1	0	1	Elodea nuttallii	ELNU2	Hydrocharitaceae	0			
1	1	0	Ellisia nyctelea	ELNY	Boraginaceae	0			
1	0	0	Eleocharis obtusa	ELOB2	Cyperaceae	0			
1	1	1	Eleocharis palustris	ELPA3	Cyperaceae	0			
1	1	1	Elymus repens	ELRE4	Poaceae	1			
1	1	1	Elymus riparius	ELRI	Poaceae	0			
1	0	1	Eleocharis tenuis	ELTE	Cyperaceae	0			
1	0	1	Elaeagnus umbellata	ELUM	Elaeagnaceae	1			
1	1	1	Elymus villosus	ELVI	Poaceae	0			
1	1	1	Elymus virginicus	ELVI3	Poaceae	0			
1	1	1	Enemion biternatum	ENBI	Ranunculaceae	0			
1	1	1	Epilobium coloratum	EPCO	Onagraceae	0			
1	0	1	Epilobium strictum	EPST	Onagraceae	0			
1	1	1	Epifagus virginiana	EPVI2	Orobanchaceae	0			
1	1	0	Equisetum arvense	EQAR	Equisetaceae	0			
1	1	1	Equisetum hyemale	EQHY	Equisetaceae	0			
1	1	1	Equisetum laevigatum	EQLA	Equisetaceae	0			
1	1	1	Erythronium albidum	ERAL9	Liliaceae	0			
1	1	1	Erythronium americanum	ERAM5	Liliaceae	0			
1	1	1	Erigeron annuus	ERAN	Asteraceae	0			
1	1	1	Erigenia bulbosa	ERBU	Apiaceae	0			
1	0	0	Eragrostis capillaris	ERCA	Poaceae	0			
1	0	0	Erysimum cheiranthoides	ERCH9	Brassicaceae	1			
1	1	0	Eragrostis cilianensis	ERCI	Poaceae	1			
1	1	0	Eragrostis frankii	ERFR	Poaceae	0			
1	1	0	Erechtites hieraciifolia	ERHI2	Asteraceae	0			
1	1	1	Eragrostis hypnoides	ERHY	Poaceae	0			
1	1	0	Eragrostis pectinacea	ERPE	Poaceae	0			
1	1	1	Erigeron philadelphicus	ERPH	Asteraceae	0			
1	0	1	Erigeron pulchellus	ERPU	Asteraceae	0			
1	0	0	Erysimum repandum	ERRE4	Brassicaceae	1			
1	1	1	Eragrostis spectabilis	ERSP	Poaceae	0			
1	0	1	Erigeron strigosus	ERST3	Asteraceae	0			
1	0	0	Eriophorum virginicum	ERVI8	Cyperaceae	0			
1	0	0	Eriophorum viridicarinatum	ERVI9	Cyperaceae	0			
1	0	0	Eryngium yuccifolium	ERYU	Apiaceae	0			
1	0	1	Euonymus alatus	EUAL13	Celastraceae	1			
1	0	1	Eupatorium album	EUAL2	Asteraceae	0			
1	1	1	Eupatorium altissimum	EUAL3	Asteraceae	0			
1	1	1	Euonymus atropurpureus	EUAT5	Celastraceae	0			
1	0	0	Euphorbia corollata	EUCO10	Euphorbiaceae	0			
1	1	1	Euphorbia commutata	EUCO8	Euphorbiaceae	0			
1	1	0	Euphorbia cyparissias	EUCY2	Euphorbiaceae	1			
1	0	0	Euphorbia davidii	EUDA5	Euphorbiaceae	1			
1	1	0	Euphorbia dentata	EUDE4	Euphorbiaceae	1			
1	1	1	Euphorbia esula	EUES	Euphorbiaceae	1			
1	1	1	Eutrochium_fistulosum	EUFI14	Asteraceae	0			5/6/2016
1	0	1	Euonymus fortunei	EUFO5	Celastraceae	1			
1	1	0	Euthamia graminifolia	EUGR5	Asteraceae	0			
1	0	1	Euthamia gymnospermoides	EUGY	Asteraceae	0			
1	1	1	Euphorbia marginata	EUMA8	Euphorbiaceae	1			
1	1	0	Eutrochium maculatum	EUMA9	Asteraceae	0			
1	1	1	Euonymus obovatus	EUOB8	Celastraceae	0			
1	1	1	Eupatorium perfoliatum	EUPE3	Asteraceae	0			
1	1	1	Eutrochium purpureum	EUPU21	Asteraceae	0			
1	1	1	Eupatorium serotinum	EUSE2	Asteraceae	0			
1	1	1	Fagus grandifolia	FAGR	Fagaceae	0			
1	1	1	Festuca rubra	FERU2	Poaceae	1			
1	1	1	Festuca subverticillata	FESU3	Poaceae	0			
1	1	0	Fimbristylis autumnalis	FIAU2	Cyperaceae	0			
1	1	1	Filipendula rubra	FIRU2	Rosaceae	0			
1	1	0	Floerkea proserpinacoides	FLPR	Limnanthaceae	0			
1	0	1	Frangula alnus	FRAL4	Rhamnaceae	1			
1	1	1	Fraxinus americana	FRAM2	Oleaceae	0			
1	0	1	Froelichia gracilis	FRGR3	Amaranthaceae	1			
1	1	1	Fraxinus nigra	FRNI	Oleaceae	0			
1	1	1	Fraxinus pennsylvanica	FRPE	Oleaceae	0			
1	1	1	Fraxinus profunda	FRPR	Oleaceae	0			
1	1	1	Fraxinus quadrangulata	FRQU	Oleaceae	0			
1	1	1	Fragaria virginiana	FRVI	Rosaceae	0			
1	1	1	Galium aparine	GAAP2	Rubiaceae	0			
1	0	1	Galium asprellum	GAAS2	Rubiaceae	0			
1	1	0	Gaura biennis	GABI2	Onagraceae	0			
1	1	1	Galium circaezans	GACI2	Rubiaceae	0			
1	1	1	Galium concinnum	GACO3	Rubiaceae	0			
1	1	1	Galium obtusum	GAOB	Rubiaceae	0			
1	1	1	Gaura mollis	GAPA6	Onagraceae	1			
1	0	0	Gamochaeta purpurea	GAPU3	Asteraceae	0			
1	1	0	Galinsoga quadriradiata	GAQU	Asteraceae	1			
1	1	0	Galearis spectabilis	GASP5	Orchidaceae	0			
1	1	1	Galium tinctorium	GATI	Rubiaceae	0			
1	1	1	Galium trifidum	GATR2	Rubiaceae	0			
1	0	1	Galium triflorum	GATR3	Rubiaceae	0			
1	1	0	Gentiana andrewsii	GEAN	Gentianaceae	0			
1	1	0	Geranium carolinianum	GECA5	Geraniaceae	0			
1	1	1	Geum canadense	GECA7	Rosaceae	0			
1	1	1	Geum laciniatum	GELA	Rosaceae	0			
1	1	1	Geranium maculatum	GEMA	Geraniaceae	0			
1	1	0	Gentianella quinquefolia	GEQU2	Gentianaceae	0			
1	0	1	Geranium robertianum	GERO	Geraniaceae	1			
1	0	0	Gentiana saponaria	GESA	Gentianaceae	0			
1	1	1	Geum vernum	GEVE	Rosaceae	0			
1	0	0	Gentianopsis virgata	GEVI6	Gentianaceae	0			
1	0	1	Glechoma hederacea	GLHE2	Lamiaceae	1			
1	1	1	Glyceria septentrionalis	GLSE3	Poaceae	0			
1	1	0	Glyceria striata	GLST	Poaceae	0			
1	1	1	Gleditsia triacanthos	GLTR	Fabaceae	0			
1	1	1	Gratiola neglecta	GRNE	Plantaginaceae	0			
1	1	0	Grindelia squarrosa	GRSQ	Asteraceae	1			
1	1	0	Gymnocladus dioicus	GYDI	Fabaceae	0			
1	1	1	Hasteola suaveolens	HASU3	Asteraceae	0			
1	1	1	Hackelia virginiana	HAVI2	Boraginaceae	0			
1	0	1	Hamamelis virginiana	HAVI4	Hamamelidaceae	0			
1	1	1	Heuchera americana	HEAM6	Saxifragaceae	0			
1	1	1	Helianthus annuus	HEAN3	Asteraceae	0			
1	1	1	Helenium autumnale	HEAU	Asteraceae	0			
1	1	1	Helianthus decapetalus	HEDE	Asteraceae	0			
1	0	1	Helianthus divaricatus	HEDI2	Asteraceae	0			
1	0	1	Hemerocallis fulva	HEFU	Hemerocallidaceae	1			
1	1	1	Helianthus giganteus	HEGI	Asteraceae	0			
1	1	0	Helianthus grosseserratus	HEGR4	Asteraceae	0			
1	0	0	Hedera helix	HEHE	Araliaceae	1			
1	1	1	Heliopsis helianthoides	HEHE5	Asteraceae	0			
1	0	0	Helianthus hirsutus	HEHI2	Asteraceae	0			
1	1	0	Hesperis matronalis	HEMA3	Brassicaceae	1			
1	1	0	Heracleum maximum	HEMA80	Apiaceae	0			
1	1	1	Helianthus microcephalus	HEMI3	Asteraceae	0			
1	1	1	Helianthus mollis	HEMO2	Asteraceae	0			
1	1	1	Hepatica nobilis	HENO2	Ranunculaceae	0			
1	0	0	Helianthus pauciflorus	HEPA19	Asteraceae	0			
1	0	0	Helianthus petiolaris	HEPE	Asteraceae	1			
1	1	0	Hedeoma pulegioides	HEPU	Lamiaceae	0			
1	0	0	Helianthus strumosus	HEST	Asteraceae	0			
1	1	1	Helianthus tuberosus	HETU	Asteraceae	0			
1	0	1	Hibiscus laevis	HILA2	Malvaceae	0			
1	0	1	Hibiscus moscheutos	HIMO	Malvaceae	0			
1	1	1	Hibiscus trionum	HITR	Malvaceae	1			
1	1	1	Hordeum jubatum	HOJU	Poaceae	0			
1	1	1	Houstonia longifolia	HOLO	Rubiaceae	0			
1	0	1	Hordeum pusillum	HOPU	Poaceae	1			
1	0	0	Houstonia purpurea	HOPU2	Rubiaceae	0			
1	0	1	Hosta ventricosa	HOVE	Agavaceae	1			
1	0	0	Humulus japonicus	HUJA	Cannabaceae	1			
1	1	1	Humulus lupulus	HULU	Cannabaceae	0			
1	1	1	Hydrophyllum appendiculatum	HYAP	Boraginaceae	0			
1	1	1	Hydrangea arborescens	HYAR	Hydrangeaceae	0			
1	0	1	Hypericum ascyron	HYAS80	Hypericaceae	0			
1	0	0	Hypericum boreale	HYBO2	Hypericaceae	0			
1	1	1	Hydrastis canadensis	HYCA	Ranunculaceae	0			
1	1	1	Hydrophyllum canadense	HYCA3	Boraginaceae	0			
1	0	0	Hypericum canadense	HYCA7	Hypericaceae	0			
1	1	0	Hybanthus concolor	HYCO6	Violaceae	0			
1	0	0	Hypoxis hirsuta	HYHI2	Hypoxidaceae	0			
1	1	1	Hydrophyllum macrophyllum	HYMA	Boraginaceae	0			
1	1	0	Hypericum mutilum	HYMU	Hypericaceae	0			
1	0	1	Hydrangea paniculata	HYPA	Hydrangeaceae	1			
1	1	1	Hypericum perforatum	HYPE	Hypericaceae	1			
1	0	1	Hypericum prolificum	HYPR	Hypericaceae	0			
1	1	0	Hypericum punctatum	HYPU	Hypericaceae	0			
1	0	1	Hypericum sphaerocarpum	HYSP2	Hypericaceae	0			
1	1	1	Hydrophyllum virginianum	HYVI	Boraginaceae	0			
1	0	0	Ilex opaca	ILOP	Aquifoliaceae	0			
1	0	1	Ilex verticillata	ILVE	Aquifoliaceae	0			
1	1	0	Impatiens capensis	IMCA	Balsaminaceae	0			
1	1	1	Impatiens pallida	IMPA	Balsaminaceae	0			
1	1	1	Inula helenium	INHE	Asteraceae	1			
1	1	1	Iodanthus pinnatifidus	IOPI	Brassicaceae	0			
1	0	1	Ipomoea hederacea	IPHE	Convolvulaceae	1			
1	0	1	Ipomoea pandurata	IPPA	Convolvulaceae	0			
1	0	1	Ipomoea purpurea	IPPU2	Convolvulaceae	1			
1	0	1	Iris brevicaulis	IRBR2	Iridaceae	0			
1	0	0	Iris germanica	IRGE	Iridaceae	1			
1	1	1	Iris virginica	IRVI	Iridaceae	0			
1	1	1	Jeffersonia diphylla	JEDI	Berberidaceae	0			
1	1	1	Juncus acuminatus	JUAC	Juncaceae	0			
1	1	1	Justicia americana	JUAM	Acanthaceae	0			
1	0	0	Juncus brachycephalus	JUBR2	Juncaceae	0			
1	1	0	Juncus canadensis	JUCA3	Juncaceae	0			
1	0	1	Juglans cinerea	JUCI	Juglandaceae	0			
1	0	0	Juncus dudleyi	JUDU2	Juncaceae	0			
1	0	1	Juncus effusus	JUEF	Juncaceae	0			
1	0	1	Juglans nigra	JUNI	Juglandaceae	0			
1	0	1	Juncus nodosus	JUNO2	Juncaceae	0			
1	1	0	Juncus tenuis	JUTE	Juncaceae	0			
1	1	1	Juncus torreyi	JUTO	Juncaceae	0			
1	0	0	Juniperus virginiana	JUVI	Cupressaceae	0			
1	0	1	Krigia biflora	KRBI	Asteraceae	0			
1	0	0	Kummerowia stipulacea	KUST	Fabaceae	1			
1	1	0	Kyllinga pumila	KYPU	Cyperaceae	1			
1	1	1	Lamium amplexicaule	LAAM	Lamiaceae	1			
1	0	0	Lactuca biennis	LABI	Asteraceae	0			
1	1	1	Lactuca canadensis	LACA	Asteraceae	0			
1	1	1	Laportea canadensis	LACA3	Urticaceae	0			
1	0	0	Lapsana communis	LACO	Asteraceae	1			
1	1	1	Lactuca floridana	LAFL	Asteraceae	0			
1	0	1	Lathyrus latifolius	LALA4	Fabaceae	1			
1	1	1	Lathyrus palustris	LAPA4	Fabaceae	0			
1	1	1	Lamium purpureum	LAPU2	Lamiaceae	1			
1	1	1	Lactuca saligna	LASA	Asteraceae	1			
1	0	0	Lactuca sativa	LASA3	Asteraceae	1			
1	1	0	Lactuca serriola	LASE	Asteraceae	1			
1	1	1	Lappula squarrosa	LASQ	Boraginaceae	1			
1	1	0	Leonurus cardiaca	LECA2	Lamiaceae	1			
1	1	1	Lepidium campestre	LECA5	Brassicaceae	1			
1	0	1	Lespedeza capitata	LECA8	Fabaceae	0			
1	0	0	Lespedeza cuneata	LECU	Fabaceae	1			
1	1	1	Lepidium densiflorum	LEDE	Brassicaceae	1			
1	0	0	Lespedeza frutescens	LEFR5	Fabaceae	0			
1	0	0	Leersia lenticularis	LELE2	Poaceae	0			
1	0	1	Lemna minor	LEMI3	Araceae	0			
1	0	0	Leucospora multifida	LEMU	Plantaginaceae	0			
1	1	0	Leersia oryzoides	LEOR	Poaceae	0			
1	0	1	Lemna trisulca	LETR	Araceae	0			
1	1	1	Leersia virginica	LEVI2	Poaceae	0			
1	1	0	Lepidium virginicum	LEVI3	Brassicaceae	0			
1	0	0	Lespedeza violacea	LEVI6	Fabaceae	0			
1	1	0	Leucanthemum vulgare	LEVU	Asteraceae	1			
1	1	0	Lindera benzoin	LIBE3	Lauraceae	0			
1	0	1	Lithospermum canescens	LICA12	Boraginaceae	0			
1	1	1	Lindernia dubia	LIDU	Linderniaceae	0			
1	1	0	Lithospermum latifolium	LILA2	Boraginaceae	0			
1	1	1	Liparis liliifolia	LILI3	Orchidaceae	0			
1	0	0	Liparis loeselii	LILO	Orchidaceae	0			
1	1	0	Lipocarpha micrantha	LIMI12	Cyperaceae	0			
1	1	1	Lilium michiganense	LIMI9	Liliaceae	0			
1	0	0	Ligustrum obtusifolium	LIOB	Oleaceae	1			
1	0	1	Liatris spicata	LISP	Asteraceae	0			
1	0	0	Liquidambar styraciflua	LIST2	Altingiaceae	0			
1	1	1	Liriodendron tulipifera	LITU	Magnoliaceae	0			
1	1	1	Linaria vulgaris	LIVU2	Plantaginaceae	1			
1	0	1	Lonicera xbella	LOBE	Caprifoliaceae	1			
1	1	1	Lobelia cardinalis	LOCA2	Campanulaceae	0			
1	0	1	Lotus corniculatus	LOCO6	Fabaceae	1			
1	1	0	Lobelia inflata	LOIN	Campanulaceae	0			
1	0	1	Lonicera japonica	LOJA	Caprifoliaceae	1			
1	0	1	Lobelia kalmii	LOKA	Campanulaceae	0			
1	0	1	Lonicera maackii	LOMA6	Caprifoliaceae	1			
1	0	1	Lonicera morrowii	LOMO2	Caprifoliaceae	0			
1	1	0	Lolium perenne	LOPE	Poaceae	1			
1	1	0	Lobelia siphilitica	LOSI	Campanulaceae	0			
1	0	1	Lobelia spicata	LOSP	Campanulaceae	0			
1	0	1	Lonicera tatarica	LOTA	Caprifoliaceae	1			
1	0	1	Lunaria annua	LUAN	Brassicaceae	1			
1	0	1	Luzula echinata	LUEC	Juncaceae	0			
1	0	0	Luzula multiflora	LUMU2	Juncaceae	0			
1	1	1	Ludwigia palustris	LUPA	Onagraceae	0			
1	1	1	Ludwigia peploides	LUPE5	Onagraceae	1			
1	1	0	Lythrum alatum	LYAL4	Lythraceae	0			
1	1	0	Lycopus americanus	LYAM	Lamiaceae	0			
1	1	0	Lycium barbarum	LYBA4	Solanaceae	1			
1	1	1	Lysimachia ciliata	LYCI	Myrsinaceae	0			
1	1	1	Lysimachia hybrida	LYHY	Myrsinaceae	0			
1	1	0	Lysimachia lanceolata	LYLA	Myrsinaceae	0			
1	1	1	Lysimachia nummularia	LYNU	Myrsinaceae	1			
1	1	1	Lysimachia quadriflora	LYQU	Myrsinaceae	0			
1	0	0	Lysimachia quadrifolia	LYQU1	Myrsinaceae	0			
1	0	1	Lycopus rubellus	LYRU	Lamiaceae	0			
1	1	0	Lythrum salicaria	LYSA2	Lythraceae	1			
1	0	0	Lysimachia thyrsiflora	LYTH2	Myrsinaceae	0			
1	1	0	Lycopus uniflorus	LYUN	Lamiaceae	0			
1	1	1	Lycopus virginicus	LYVI4	Lamiaceae	0			
1	0	1	Magnolia acuminata	MAAC	Magnoliaceae	0			
1	0	1	Malus coronaria	MACO5	Rosaceae	0			
1	0	0	Matricaria discoidea	MADI6	Asteraceae	1			
1	1	0	Malva neglecta	MANE	Malvaceae	1			
1	1	1	Maclura pomifera	MAPO	Moraceae	1			
1	1	0	Maianthemum racemosum	MARA7	Ruscaceae	0			
1	1	1	Maianthemum stellatum	MAST4	Ruscaceae	0			
1	1	1	Mentha arvensis	MEAR4	Lamiaceae	1			
1	1	1	Menispermum canadense	MECA3	Menispermaceae	0			
1	1	1	Medicago lupulina	MELU	Fabaceae	1			
1	1	1	Melilotus officinalis	MEOF	Fabaceae	1			
1	1	0	Mentha xpiperita	MEPI	Lamiaceae	1			
1	1	1	Medicago sativa	MESA	Fabaceae	1			
1	1	1	Mentha spicata	MESP3	Lamiaceae	1			
1	0	1	Medeola virginiana	MEVI3	Liliaceae	0			
1	1	1	Mertensia virginica	MEVI3	Boraginaceae	0			
1	1	1	Mimulus alatus	MIAL2	Phrymaceae	0			
1	1	1	Mitella diphylla	MIDI3	Saxifragaceae	0			
1	1	1	Mirabilis nyctaginea	MINY	Nyctaginaceae	1			
1	1	1	Mimulus ringens	MIRI	Phrymaceae	0			
1	1	0	Morus alba	MOAL	Moraceae	1			
1	1	1	Monarda clinopodia	MOCL	Lamiaceae	0			
1	1	1	Monarda fistulosa	MOFI	Lamiaceae	0			
1	0	1	Monotropa hypopithys	MOHY3	Ericaceae	0			
1	1	1	Morus rubra	MORU2	Moraceae	0			
1	0	1	Monotropa uniflora	MOUN3	Ericaceae	0			
1	0	1	Mollugo verticillata	MOVE	Molluginaceae	1			
1	0	0	Muscari botryoides	MUBO	Hyacinthaceae	1			
1	0	1	Muhlenbergia frondosa	MUFR2	Poaceae	0			
1	1	1	Muhlenbergia mexicana	MUME2	Poaceae	0			
1	1	1	Muhlenbergia schreberi	MUSC	Poaceae	0			
1	0	1	Muhlenbergia sobolifera	MUSO	Poaceae	0			
1	0	0	Muhlenbergia tenuiflora	MUTE	Poaceae	0			
1	0	1	Myosotis scorpioides	MYSC	Boraginaceae	1			
1	1	1	Nasturtium officinale	NAOF	Brassicaceae	1			
1	0	0	Narcissus poeticus	NAPO	Amaryllidaceae1	1			
1	0	1	Narcissus pseudonarcissus	NAPS	Amaryllidaceae	1			
1	0	1	Rorippa_aquatica	NEAQ2	Brassicaceae	0			5/6/2016
1	1	0	Nepeta cataria	NECA2	Lamiaceae	1			
1	0	1	Nicandra physalodes	NIPH	Solanaceae	1			
1	0	0	Nuphar advena	NULU	Nymphaeaceae	0			
1	1	1	Nuphar lutea	NULU	Nymphaeaceae	0			
1	0	0	Nymphaea odorata	NYOD	Nymphaeaceae	0			
1	1	1	Nyssa sylvatica	NYSY	Nyssaceae	0			
1	1	1	Oenothera biennis	OEBI	Onagraceae	0			
1	0	1	Oenothera fruticosa	OEFR	Onagraceae	0			
1	1	0	Oenothera laciniata	OELA	Onagraceae	0			
1	0	0	Oenothera nutans	OENU2	Onagraceae	0			
1	0	0	Oenothera pilosella	OEPI2	Onagraceae	0			
1	1	0	Oenothera speciosa	OESP2	Onagraceae	1			
1	0	1	Solidago ohioense	OLOH	Asteraceae	0			5/6/2016
1	0	0	Solidago rigidum	OLRI	Asteraceae	0			5/6/2016
1	0	0	Solidago riddellii	OLRI2	Asteraceae	0			5/6/2016
1	0	1	Onosmodium bejariense	ONBE	Boraginaceae	0			
1	1	0	Onoclea sensibilis	ONSE	Dryopteridaceae	0			
1	1	0	Ophioglossum vulgatum	OPVU	Ophioglossaceae	0			
1	1	1	Orbexilum onobrychis	ORON	Fabaceae	0			
1	1	0	Ornithogalum umbellatum	ORUM	Hyacinthaceae	1			
1	0	1	Osmunda cinnamomea	OSCI	Osmundaceae	0			
1	1	1	Osmorhiza claytonii	OSCL	Apiaceae	0			
1	1	1	Osmorhiza longistylis	OSLO	Apiaceae	0			
1	0	0	Osmunda regalis	OSRE	Osmundaceae	0			
1	1	0	Ostrya virginiana	OSVI	Betulaceae	0			
1	0	1	Oxalis grandis	OXGR	Oxalidaceae	0			
1	1	0	Oxypolis rigidior	OXRI	Apiaceae	0			
1	1	1	Oxalis stricta	OXST	Oxalidaceae	0			
1	1	1	Oxalis violacea	OXVI	Oxalidaceae	0			
1	1	1	Packera aurea	PAAU3	Asteraceae	0			
1	0	0	Paronychia canadensis	PACA11	Caryophyllaceae	0			
1	1	1	Panicum capillare	PACA6	Poaceae	0			
1	0	1	Panicum dichotomiflorum	PADI	Poaceae	0			
1	0	0	Paronychia fastigiata	PAFA3	Caryophyllaceae	0			
1	1	1	Panicum gattingeri	PAGA	Poaceae	0			
1	1	1	Packera glabella	PAGL17	Asteraceae	1			
1	0	1	Parnassia glauca	PAGL3	Parnassiaceae	0			
1	0	0	Parthenium integrifolium	PAIN3	Asteraceae	0			
1	1	0	Paspalum laeve	PALA10	Poaceae	0			
1	1	0	Passiflora lutea	PALU2	Passifloraceae	0			
1	1	1	Packera obovata	PAOB6	Asteraceae	0			
1	1	1	Parietaria pensylvanica	PAPE5	Urticaceae	0			
1	1	0	Panicum philadelphicum	PAPH	Poaceae	0			
1	1	1	Panax quinquefolius	PAQU	Araliaceae	0			
1	1	0	Parthenocissus quinquefolia	PAQU2	Vitaceae	0			
1	0	0	Panicum rigidulum	PARI4	Poaceae	0			
1	1	0	Pastinaca sativa	PASA2	Apiaceae	1			
1	1	0	Paspalum setaceum	PASE5	Poaceae	0			
1	1	1	Pascopyrum smithii	PASM	Poaceae	0			
1	1	0	Panicum virgatum	PAVI2	Poaceae	0			
1	0	1	Pedicularis canadensis	PECA	Orobanchaceae	0			
1	1	0	Penstemon calycosus	PECA7	Plantaginaceae	0			
1	1	1	Penstemon deamii	PEDE10	Plantagninaceae	0			
1	1	1	Penstemon digitalis	PEDI	Plantaginaceae	0			
1	0	1	Perilla frutescens	PEFR4	Lamiaceae	1			
1	1	0	Pennisetum glaucum	PEGL2	Poaceae	1			
1	1	1	Penstemon hirsutus	PEHI	Plantaginaceae	0			
1	0	0	Pedicularis lanceolata	PELA2	Orobanchaceae	0			
1	1	0	Penstemon pallidus	PEPA7	Plantaginaceae	0			
1	1	0	Penthorum sedoides	PESE6	Penthoraceae	0			
1	1	1	Phytolacca americana	PHAM4	Phytolaccaceae	0			
1	0	0	Phalaris arundinacea	PHAR3	Poaceae	0			
1	0	0	Phragmites australis	PHAU7	Poaceae	0			
1	1	0	Phacelia bipinnatifida	PHBI2	Hydrophyllaceae	0			
1	0	1	Phlox bifida	PHBI3	Polemoniaceae	0			
1	1	0	Phlox divaricata	PHDI5	Polemoniaceae	0			
1	1	1	Photinia floribunda	PHFL9	Rosaceae	0			
1	0	1	Phlox glaberrima	PHGL4	Polemoniaceae	0			
1	0	1	Phegopteris hexagonoptera	PHHE11	Thelypteridaceae	0			
1	0	1	Physalis heterophylla	PHHE5	Solanaceae	0			
1	1	1	Phyla lanceolata	PHLA3	Verbenaceae	0			
1	1	1	Phryma leptostachya	PHLE5	Phrymaceae	0			
1	1	1	Physalis longifolia	PHLO4	Solanaceae	0			
1	0	0	Phlox maculata	PHMA4	Polemoniaceae	0			
1	1	0	Photinia melanocarpa	PHME13	Rosaceae	0			
1	1	1	Physocarpus opulifolius	PHOP	Rosaceae	0			
1	1	1	Phlox paniculata	PHPA9	Polemoniaceae	1			
1	0	1	Phlox pilosa	PHPI	Polemoniaceae	0			
1	1	1	Phleum pratense	PHPR3	Poaceae	1			
1	1	1	Phacelia purshii	PHPU3	Boraginaceae	0			
1	0	0	Phlox subulata	PHSU3	Polemoniaceae	1			
1	1	1	Physostegia virginiana	PHVI8	Lamiaceae	0			
1	1	1	Pilea pumila	PIPU2	Urticaceae	0			
1	1	1	Plantago aristata	PLAR3	Plantaginaceae	1			
1	0	0	Plantago cordata	PLCO2	Plantaginaceae	0			
1	1	0	Plantago lanceolata	PLLA	Plantaginaceae	1			
1	0	0	Platanthera leucophaea	PLLE2	Orchidaceae	0			
1	0	1	Plantago major	PLMA2	Plantaginaceae	1			
1	1	0	Platanus occidentalis	PLOC	Platanaceae	0			
1	0	0	Platanthera peramoena	PLPE	Orchidaceae	0			
1	1	1	Plantago rugelii	PLRU	Plantaginaceae	0			
1	1	1	Plantago virginica	PLVI	Plantaginaceae	0			
1	1	1	Polystichum acrostichoides	POAC4	Dryopteridaceae	0			
1	1	1	Polygonum amphibium	POAM8	Polygonaceae	0			
1	1	1	Poa annua	POAN	Poaceae	1			
1	0	0	Poa arida	POAR3	Poaceae	1			
1	1	1	Polygonum aviculare	POAV	Polygonaceae	1			
1	0	1	Polygonum bellardii	POBE	Polygonaceae	1			
1	0	0	Polygonatum biflorum	POBI2	Ruscaceae	0			
1	1	1	Polymnia canadensis	POCA11	Asteraceae	0			
1	0	0	Polygonum caespitosum	POCE4	Polygonaceae	1			
1	1	0	Poa chapmaniana	POCH2	Poaceae	0			
1	1	0	Poa compressa	POCO	Poaceae	1			
1	1	1	Polygonum convolvulus	POCO10	Polygonaceae	1			
1	0	1	Pontederia cordata	POCO14	Pontederiaceae	0			
1	0	0	Poa cuspidata	POCU4	Poaceae	0			
1	0	0	Polygonum cuspidatum	POCU6	Polygonaceae	1			
1	1	1	Populus deltoides	PODE3	Salicaceae	0			
1	1	1	Polanisia dodecandra	PODO3	Cleomaceae	0			
1	0	1	Polygonum erectum	POER2	Polygonaceae	0			
1	0	1	Potamogeton foliosus	POFO3	Potamogetonaceae	0			
1	1	1	Populus grandidentata	POGR4	Salicaceae	0			
1	0	0	Portulaca grandiflora	POGR7	Portulacaceae	1			
1	0	0	Populus heterophylla	POHE4	Salicaceae	0			
1	1	0	Polygonum hydropiper	POHY	Polygonaceae	1			
1	1	1	Polygonum hydropiperoides	POHY2	Polygonaceae	0			
1	1	1	Polygonum lapathifolium	POLA4	Polygonaceae	0			
1	0	0	Potamogeton nodosus	PONO2	Potamogetonaceae	0			
1	1	0	Potentilla norvegica	PONO3	Rosaceae	0			
1	1	1	Portulaca oleracea	POOL	Portulacaceae	1			
1	0	0	Poa paludigena	POPA	Poaceae	0			
1	1	1	Podophyllum peltatum	POPE	Berberidaceae	0			
1	1	1	Polygonum pensylvanicum	POPE2	Polygonaceae	0			
1	1	1	Polygonum persicaria	POPE3	Polygonaceae	1			
1	1	1	Polygala polygama	POPO	Polygalaceae	0			
1	0	0	Poa palustris	POPR	Poaceae	0			
1	1	1	Polygonatum pubescens	POPU4	Ruscaceae	0			
1	1	1	Polygonum punctatum	POPU5	Polygonaceae	0			
1	1	0	Polemonium reptans	PORE2	Polemoniaceae	0			
1	1	1	Potentilla recta	PORE5	Rosaceae	1			
1	1	1	Poa pratensis	POSA	Poaceae	1			
1	1	1	Polygonum sagittatum	POSA5	Polygonaceae	0			
1	0	0	Poa saltuensis	POSAL	Poaceae	0			
1	1	0	Polygonum scandens	POSC3	Polygonaceae	0			
1	0	0	Polygala senega	POSE3	Polygalaceae	0			
1	1	1	Potentilla simplex	POSI2	Rosaceae	0			
1	1	0	Poa sylvestris	POSY	Poaceae	0			
1	0	1	Poa trivialis	POTR2	Poaceae	1			
1	0	0	Populus tremuloides	POTR5	Salicaceae	0			
1	0	1	Polygala verticillata	POVE	Polygalaceae	0			
1	1	0	Polygonum virginianum	POVI2	Polygonaceae	0			
1	0	1	Prenanthes alba	PRAL2	Asteraceae	0			
1	1	1	Prenanthes altissima	PRAL3	Asteraceae	0			
1	1	1	Prunus americana	PRAM	Rosaceae	0			
1	0	1	Prunus angustifolia	PRAN3	Rosaceae	0			
1	1	1	Prenanthes crepidinea	PRCR	Asteraceae	0			
1	0	1	Prenanthes racemosa	PRRA	Asteraceae	0			
1	1	0	Prunus serotina	PRSE2	Rosaceae	0			
1	0	1	Prunus virginiana	PRVI	Rosaceae	0			
1	1	0	Prunella vulgaris	PRVU	Lamiaceae	1			
1	1	1	Pseudognaphalium obtusifolium	PSOB3	Asteraceae	0			
1	0	1	Pteridium aquilinum	PTAQ	Dennstaedtiaceae	0			
1	1	0	Ptelea trifoliata	PTTR	Rutaceae	0			
1	1	0	Pycnanthemum tenuifolium	PYTE	Lamiaceae	0			
1	1	0	Pycnanthemum verticillatum	PYVE	Lamiaceae	0			
1	1	0	Pycnanthemum virginianum	PYVI	Lamiaceae	0			
1	1	0	Quercus alba	QUAL	Fagaceae	0			
1	1	1	Quercus bicolor	QUBI	Fagaceae	0			
1	1	1	Quercus imbricaria	QUIM	Fagaceae	0			
1	1	1	Quercus macrocarpa	QUMA2	Fagaceae	0			
1	0	1	Quercus michauxii	QUMI	Fagaceae	0			
1	1	1	Quercus muehlenbergii	QUMU	Fagaceae	0			
1	1	1	Quercus palustris	QUPA2	Fagaceae	0			
1	1	1	Quercus rubra	QURU	Fagaceae	0			
1	1	1	Quercus shumardii	QUSH	Fagaceae	0			
1	0	1	Quercus velutina	QUVE	Fagaceae	0			
1	1	1	Ranunculus abortivus	RAAB	Ranunculaceae	0			
1	0	1	Ranunculus acris	RAAC3	Ranunculaceae	1			
1	1	0	Ratibida columnifera	RACO3	Asteraceae	0			
1	0	0	Ranunculus ficaria	RAFI	Ranunculaceae	1			
1	1	1	Ranunculus flabellaris	RAFL	Ranunculaceae	0			
1	1	0	Ranunculus hispidus	RAHI	Ranunculaceae	0			
1	0	1	Ranunculus longirostris	RALO2	Ranunculaceae	0			
1	0	0	Ranunculus micranthus	RAMI2	Ranunculaceae	0			
1	1	0	Ratibida pinnata	RAPI	Asteraceae	0			
1	1	1	Ranunculus recurvatus	RARE2	Ranunculaceae	0			
1	1	1	Ranunculus repens	RARE3	Ranunculaceae	1			
1	0	1	Rhus aromatica	RHAR4	Anacardiaceae	0			
1	0	1	Rhynchospora capillacea	RHCA11	Cyperaceae	0			
1	0	0	Rhamnus cathartica	RHCA3	Rhamnaceae	1			
1	1	1	Rhus glabra	RHGL	Anacardiaceae	0			
1	0	1	Rhamnus lanceolata	RHLA	Rhamnaceae	0			
1	0	0	Rhodotypos scandens	RHSC3	Rosaceae	1			
1	0	1	Rhus typhina	RHTY	Anacardiaceae	0			
1	0	0	Ribes americanum	RIAM2	Grossulariaceae	0			
1	1	0	Ribes cynosbati	RICY	Grossulariaceae	0			
1	1	1	Ribes missouriense	RIMI	Grossulariaceae	0			
1	0	1	Rosa arkansana	ROAR3	Rosaceae	0			
1	0	0	Rosa carolina	ROCA4	Rosaceae	0			
1	0	0	Robinia hispida	ROHI	Fabaceae	1			
1	0	1	Rosa multiflora	ROMU	Rosaceae	1			
1	1	1	Rosa palustris	ROPA	Rosaceae	0			
1	1	0	Rorippa palustris	ROPA2	Brassicaceae	0			
1	1	1	Robinia pseudoacacia	ROPS	Fabaceae	1			
1	0	1	Rosa rubiginosa	RORU82	Rosaceae	1			
1	1	0	Rorippa sessiliflora	ROSE	Brassicaceae	0			
1	1	0	Rosa setigera	ROSE2	Rosaceae	0			
1	1	0	Rorippa sylvestris	ROSY	Brassicaceae	1			
1	0	1	Robinia viscosa	ROVI	Fabaceae	1			
1	1	1	Rumex acetosella	RUAC3	Polygonaceae	1			
1	1	1	Rubus allegheniensis	RUAL	Rosaceae	0			
1	1	1	Ruellia caroliniensis	RUCA4	Acanthaceae	0			
1	1	1	Rumex crispus	RUCR	Polygonaceae	1			
1	1	0	Rudbeckia fulgida	RUFU2	Asteraceae	0			
1	1	1	Rudbeckia hirta	RUHI2	Asteraceae	0			
1	1	1	Rubus hispidus	RUHI30	Rosaceae	0			
1	0	1	Ruellia humilis	RUHU	Acanthaceae	0			
1	0	0	Rubus idaeus	RUID	Rosaceae	0			
1	1	1	Rudbeckia laciniata	RULA3	Asteraceae	0			
1	0	1	Rubus laudatus	RULA6	Rosaceae	0			
1	1	1	Rumex obtusifolius	RUOB	Polygonaceae	1			
1	1	0	Rubus occidentalis	RUOC	Rosaceae	0			
1	1	1	Rubus odoratus	RUOD	Rosaceae	0			
1	1	1	Rumex orbiculatus	RUOR2	Polygonaceae	0			
1	0	0	Rubus pensilvanicus	RUPE3	Rosaceae	0			
1	1	1	Ruellia strepens	RUST2	Acanthaceae	0			
1	0	1	Rudbeckia subtomentosa	RUSU	Asteraceae	0			
1	1	0	Rudbeckia triloba	RUTR2	Asteraceae	0			
1	1	0	Rumex verticillatus	RUVE3	Polygonaceae	0			
1	0	0	Salix alba	SAAL2	Salicaceae	1			
1	0	1	Sassafras albidum	SAAL5	Lauraceae	0			
1	1	1	Salix amygdaloides	SAAM2	Salicaceae	0			
1	0	0	Sabatia angularis	SAAN	Gentianaceae	0			
1	0	0	Sagittaria brevirostra	SABR8	Alismataceae	0			
1	1	1	Sanguinaria canadensis	SACA13	Papaveraceae	0			
1	0	1	Sanguisorba canadensis	SACA14	Rosaceae	0			
1	1	0	Sanicula canadensis	SACA15	Apiaceae	0			
1	1	1	Saururus cernuus	SACE	Saururaceae	0			
1	0	0	Salix cordata	SACO3	Salicaceae	0			
1	1	0	Salix discolor	SADI	Salicaceae	0			
1	0	1	Salix eriocephala	SAER	Salicaceae	0			
1	0	1	Salix humilis	SAHU2	Salicaceae	0			
1	0	0	Salix interior	SAIN3	Salicaceae	0			
1	1	0	Sagittaria latifolia	SALA2	Alismataceae	0			
1	0	0	Salvia lyrata	SALY2	Lamiaceae	0			
1	0	1	Sanicula marilandica	SAMA2	Apiaceae	0			
1	1	1	Salix nigra	SANI	Salicaceae	0			
1	1	0	Sambucus nigra	SANI4	Adoxaceae	0			
1	1	1	Sanicula odorata	SAOD	Apiaceae	0			
1	1	1	Saponaria officinalis	SAOF4	Caryophyllaceae	1			
1	0	1	Salix petiolaris	SAPE5	Salicaceae	0			
1	1	1	Saxifraga pensylvanica	SAPE8	Saxifragaceae	0			
1	1	1	Sagittaria rigida	SARI	Alismataceae	0			
1	1	0	Salix sericea	SASE	Salicaceae	0			
1	0	0	Salvia xsylvestris	SASY	Lamiaceae	1			
1	1	0	Salsola tragus	SATR12	Amaranthaceae	1			
1	1	1	Sanicula trifoliata	SATR4	Apiaceae	0			
1	1	1	Samolus valerandi	SAVA3	Theophrastaceae	0			
1	0	0	Schoenoplectus acutus	SCAC3	Cyperaceae	0			
1	1	1	Scirpus atrovirens	SCAT2	Cyperaceae	0			
1	1	1	Scirpus cyperinus	SCCY	Cyperaceae	0			
1	0	0	Sclerochloa dura	SCDU2	Poaceae	1			
1	0	1	Scutellaria galericulata	SCGA	Lamiaceae	0			
1	1	1	Scutellaria incana	SCIN	Lamiaceae	0			
1	1	0	Scutellaria lateriflora	SCLA2	Lamiaceae	0			
1	1	0	Scirpus lineatus	SCLI5	Cyperaceae	0			
1	1	0	Scrophularia marilandica	SCMA2	Scrophulariaceae	0			
1	0	1	Scutellaria nervosa	SCNE2	Lamiaceae	0			
1	0	0	Scutellaria ovata	SCOV	Lamiaceae	0			
1	0	1	Scutellaria parvula	SCPA7	Lamiaceae	0			
1	0	0	Scirpus pendulus	SCPE4	Cyperaceae	0			
1	1	0	Lolium pratense	SCPR4	Poaceae	1			5/6/2016
1	1	0	Schoenoplectus pungens	SCPU10	Cyperaceae	0			
1	0	1	Schizachyrium scoparium	SCSC	Poaceae	0			
1	0	1	Scilla siberica	SCSI2	Hyacinthaceae	1			
1	1	1	Schoenoplectus tabernaemontani	SCTA2	Cyperaceae	0			
1	0	0	Scleria triglomerata	SCTR	Cyperaceae	0			
1	0	0	Scleria verticillata	SCVE2	Cyperaceae	0			
1	0	0	Selaginella apoda	SEAP	Selaginellaceae	0			
1	0	0	Setaria faberi	SEFA	Poaceae	1			
1	1	1	Senna hebecarpa	SEHE3	Fabaceae	0			
1	0	1	Setaria italica	SEIT	Poaceae	1			
1	0	0	Senna marilandica	SEMA11	Fabaceae	0			
1	1	0	Setaria pumila	SEPU8	Poaceae	1			
1	0	0	Sedum sarmentosum	SESA	Crassulaceae	1			
1	1	1	Sedum ternatum	SETE3	Crassulaceae	0			
1	0	1	Coronilla varia	SEVA4	Fabaceae	1	1	synonym	
1	0	1	Securigera varia	SEVA4	Fabaceae	1			
1	1	1	Setaria verticillata	SEVE3	Poaceae	1			
1	1	0	Setaria viridis	SEVI4	Poaceae	1			
1	0	0	Senecio vulgaris	SEVU	Asteraceae	1			
1	0	0	Sisymbrium altissimum	SIAL2	Brassicaceae	1			
1	0	1	Sisyrinchium albidum	SIAL3	Iridaceae	0			
1	1	0	Sicyos angulatus	SIAN	Cucurbitaceae	0			
1	1	0	Silene antirrhina	SIAN2	Caryophyllaceae	0			
1	1	0	Sisyrinchium angustifolium	SIAN3	Iridaceae	0			
1	1	0	Sinapis arvensis	SIAR4	Brassicaceae	1			
1	0	1	Silene csereii	SICS	Caryophyllaceae	1			
1	1	0	Silene latifolia	SILA21	Caryophyllaceae	1			
1	0	1	Silphium laciniatum	SILA3	Asteraceae	0			
1	1	1	Silene nivea	SINI	Caryophyllaceae	1			
1	1	1	Sisymbrium officinale	SIOF	Brassicaceae	1			
1	1	0	Silphium perfoliatum	SIPE2	Asteraceae	0			
1	1	1	Sida spinosa	SISP	Malvaceae	1			
1	1	1	Silene stellata	SIST	Caryophyllaceae	0			
1	1	1	Sium suave	SISU2	Apiaceae	0			
1	0	1	Silphium terebinthinaceum	SITE	Asteraceae	0			
1	1	1	Planodes virginicum	SIVI2	Brassicaceae	0			5/6/2016
1	1	1	Silene virginica	SIVI4	Caryophyllaceae	0			
1	0	1	Silene vulgaris	SIVU	Caryophyllaceae	1			
1	0	0	Smilax ecirrata	SMEC	Smilacaceae	0			
1	1	0	Smilax glauca	SMGL	Smilacaceae	0			
1	0	1	Smilax herbacea	SMHE	Smilacaceae	0			
1	1	0	Smilax lasioneura	SMLA3	Smilacaceae	0			
1	0	1	Smilax rotundifolia	SMRO	Smilacaceae	0			
1	1	1	Smilax tamnoides	SMTA2	Smilacaceae	0			
1	0	0	Solidago altissima	SOAL6	Asteraceae	0			
1	0	0	Sonchus arvensis	SOAR2	Asteraceae	1			
1	0	0	Sonchus asper	SOAS	Asteraceae	1			
1	0	1	Sorghum bicolor	SOBI2	Poaceae	1			
1	0	1	Solanum carolinense	SOCA3	Solanaceae	1			
1	1	0	Solidago caesia	SOCA4	Asteraceae	0			
1	1	1	Solidago canadensis	SOCA6	Asteraceae	0			
1	1	1	Solanum dulcamara	SODU	Solanaceae	1			
1	1	1	Solidago flexicaulis	SOFL2	Asteraceae	0			
1	1	1	Solidago gigantea	SOGI	Asteraceae	0			
1	1	0	Sorghum halepense	SOHA	Poaceae	1			
1	1	1	Solidago juncea	SOJU	Asteraceae	0			
1	1	1	Solidago nemoralis	SONE	Asteraceae	0			
1	0	1	Sorghastrum nutans	SONU2	Poaceae	0			
1	1	1	Sonchus oleraceus	SOOL	Asteraceae	1			
1	1	0	Solidago patula	SOPA2	Asteraceae	0			
1	1	1	Solanum ptychanthum	SOPT7	Solanaceae	0			
1	0	1	Solanum rostratum	SORO	Solanaceae	1			
1	1	1	Solidago rugosa	SORU2	Asteraceae	0			
1	0	0	Solidago uliginosa	SOUL	Asteraceae	0			
1	0	0	Solidago ulmifolia	SOUL2	Asteraceae	0			
1	1	1	Spiraea alba	SPAL2	Rosaceae	0			
1	0	1	Sparganium angustifolium	SPAN2	Sparganiaceae	0			
1	0	0	Spiranthes cernua	SPCE	Orchidaceae	0			
1	1	0	Sporobolus compositus	SPCO16	Poaceae	1			
1	1	0	Sporobolus cryptandrus	SPCR	Poaceae	0			
1	1	0	Sparganium eurycarpum	SPEU	Sparganiaceae	0			
1	0	0	Sphenopholis intermedia	SPIN3	Poaceae	0			
1	0	0	Spiranthes lucida	SPLU2	Orchidaceae	0			
1	1	0	Sporobolus neglectus	SPNE2	Poaceae	0			
1	0	0	Sphenopholis nitida	SPNI	Poaceae	0			
1	1	0	Sphenopholis obtusata	SPOB	Poaceae	0			
1	0	0	Spiranthes ovalis	SPOV	Orchidaceae	0			
1	0	1	Spartina pectinata	SPPE	Poaceae	0			
1	0	0	Spirodela polyrrhiza	SPPO	Araceae	0			
1	1	0	Sporobolus vaginiflorus	SPVA	Poaceae	0			
1	0	0	Stachys aspera	STAS	Lamiaceae	0			
1	0	0	Stachys byzantina	STBY	Lamiaceae	1			
1	1	0	Stylophorum diphyllum	STDI3	Papaveraceae	0			
1	1	1	Strophostyles helvola	STHE9	Fabaceae	0			
1	1	1	Stellaria media	STME2	Caryophyllaceae	1			
1	1	1	Stachys palustris	STPA	Lamiaceae	0			
1	0	1	Stachys pilosa	STPI6	Lamiaceae	0			
1	1	1	Stellaria pubera	STPU	Caryophyllaceae	0			
1	1	0	Stachys tenuifolia	STTE	Lamiaceae	0			
1	1	1	Staphylea trifolia	STTR	Staphyleaceae	0			
1	0	0	Symphyotrichum xamethystinum	SYAM3	Asteraceae	0			
1	1	0	Symphyotrichum cordifolium	SYCO4	Asteraceae	0			
1	0	1	Symphyotrichum drummondii	SYDR	Asteraceae	0			
1	0	1	Symphyotrichum ericoides	SYER	Asteraceae	0			
1	1	0	Symplocarpus foetidus	SYFO	Araceae	0			
1	1	1	Synandra hispidula	SYHI	Lamiaceae	0			
1	0	1	Symphyotrichum laeve	SYLA3	Asteraceae	0			
1	0	1	Symphyotrichum lateriflorum	SYLA4	Asteraceae	0			
1	1	1	Symphyotrichum lanceolatum	SYLA6	Asteraceae	0			
1	1	1	Symphyotrichum novae-angliae	SYNO2	Asteraceae	0			
1	0	1	Symphyotrichum oolentangiense	SYOO	Asteraceae	0			
1	1	1	Symphoricarpos orbiculatus	SYOR	Caprifoliaceae	1			
1	1	0	Symphyotrichum pilosum	SYPI2	Asteraceae	0			
1	0	1	Symphyotrichum praealtum	SYPR5	Asteraceae	0			
1	1	0	Symphyotrichum puniceum	SYPU	Asteraceae	0			
1	0	1	Symphyotrichum shortii	SYSH	Asteraceae	0			
1	0	0	Tanacetum balsamita	TABA	Asteraceae	1			
1	1	0	Taenidia integerrima	TAIN	Apiaceae	0			
1	1	0	Taraxacum officinale	TAOF	Asteraceae	1			
1	1	0	Tanacetum vulgare	TAVU	Asteraceae	1			
1	1	1	Teucrium canadense	TECA3	Lamiaceae	0			
1	1	0	Thlaspi arvense	THAR5	Brassicaceae	1			
1	1	1	Thaspium barbinode	THBA	Apiaceae	0			
1	1	1	Thalictrum dasycarpum	THDA	Ranunculaceae	0			
1	1	1	Thalictrum dioicum	THDI	Ranunculaceae	0			
1	1	1	Thelypteris palustris	THPA	Thelypteridaceae	0			
1	1	1	Thalictrum revolutum	THRE	Ranunculaceae	0			
1	1	1	Thalictrum thalictroides	THTH2	Ranunculaceae	0			
1	1	0	Thaspium trifoliatum	THTR	Apiaceae	0			
1	1	1	Tilia americana	TIAM	Malvaceae	0			
1	1	1	Toxicodendron radicans	TORA2	Anacardiaceae	0			
1	0	1	Toxicodendron vernix	TOVE	Anacardiaceae	0			
1	1	0	Triosteum aurantiacum	TRAU4	Caprifoliaceae	0			
1	0	1	Trientalis borealis	TRBO2	Myrsinaceae	0			
1	0	0	Trichostema brachiatum	TRBR5	Lamiaceae	0			
1	0	0	Trifolium campestre	TRCA5	Fabaceae	1			
1	0	1	Tragopogon dubius	TRDU	Asteraceae	"1,2"			
1	0	1	Trifolium dubium	TRDU2	Fabaceae	1			
1	0	1	Trillium erectum	TRER3	Melanthiaceae	0			
1	1	0	Tridens flavus	TRFL2	Poaceae	0			
1	0	1	Trillium flexipes	TRFL6	Melanthiaceae	0			
1	0	1	Triadenum fraseri	TRFR	Hypericaceae	0			
1	0	1	Trifolium hybridum	TRHY	Fabaceae	1			
1	0	1	Tragopogon lamottei	TRLA30	Asteraceae	1	1	synonym	
1	0	1	Tragopogon pratensis	TRLA30	Asteraceae	1			
1	0	1	Trillium nivale	TRNI2	Melanthiaceae	0			
1	0	0	Tradescantia ohiensis	TROH	Commelinaceae	0			
1	1	1	Triodanis perfoliata	TRPE4	Campanulaceae	0			
1	0	1	Triosteum perfoliatum	TRPE5	Caprifoliaceae	0			
1	1	0	Tragopogon porrifolius	TRPO	Asteraceae	1			
1	1	1	Trifolium pratense	TRPR2	Fabaceae	1			
1	0	1	Trifolium repens	TRRE3	Fabaceae	1			
1	1	1	Trillium recurvatum	TRRE5	Melanthiaceae	0			
1	1	1	Trillium sessile	TRSE2	Melanthiaceae	0			
1	1	0	Tradescantia subaspera	TRSU2	Commelinaceae	0			
1	1	0	Triphora trianthophora	TRTR3	Orchidaceae	0			
1	1	1	Tradescantia virginiana	TRVI	Commelinaceae	0			
1	1	0	Typha angustifolia	TYAN	Typhaceae	0			
1	1	1	Typha latifolia	TYLA	Typhaceae	0			
1	1	1	Ulmus americana	ULAM	Ulmaceae	0			
1	0	1	Ulmus pumila	ULPU	Ulmaceae	1			
1	1	1	Ulmus rubra	ULRU	Ulmaceae	0			
1	1	1	Ulmus thomasii	ULTH	Ulmaceae	0			
1	1	0	Urtica dioica	URDI	Urticaceae	0			
1	0	1	Utricularia macrorhiza	UTMA	Lentibulariaceae	0			
1	0	0	Uvularia grandiflora	UVGR	Colchicaceae	0			
1	0	1	Valerianella chenopodiifolia	VACH	Valerianaceae	0			
1	1	1	Valeriana pauciflora	VAPA2	Valerianaceae	0			
1	0	0	Valerianella radiata	VARA	Valerianaceae	0			
1	1	1	Valerianella umbilicata	VAUM	Valerianaceae	0			
1	1	0	Verbesina alternifolia	VEAL	Asteraceae	0			
1	1	1	Veronica anagallis-aquatica	VEAN2	Plantaginaceae	0			
1	1	1	Veronica arvensis	VEAR	Plantaginaceae	1			
1	1	0	Verbascum blattaria	VEBL	Scrophulariaceae	1			
1	1	1	Verbena bracteata	VEBR	Verbenaceae	0			
1	0	1	Verbena xengelmannii	VEEN2	Verbenaceae	0			
1	0	1	Vernonia fasciculata	VEFA2	Asteraceae	0			
1	1	0	Vernonia gigantea	VEGI	Asteraceae	0			
1	0	1	Verbena hastata	VEHA2	Verbenaceae	0			
1	0	1	Veronica officinalis	VEOF2	Plantaginaceae	0			
1	1	0	Veronica peregrina	VEPE2	Plantaginaceae	0			
1	0	1	Veronica persica	VEPE3	Plantaginaceae	1			
1	0	0	Verbena xperriana	VEPE4	Verbenaceae	0			
1	0	1	Veronica polita	VEPO	Plantaginaceae	1			
1	0	1	Veronica scutellata	VESC2	Plantaginaceae	0			
1	1	0	Veronica serpyllifolia	VESE	Plantaginaceae	1			
1	1	1	Verbena simplex	VESI	Verbenaceae	0			
1	1	1	Verbena stricta	VEST	Verbenaceae	0			
1	1	1	Verbascum thapsus	VETH	Scrophulariaceae	1			
1	1	1	Verbena urticifolia	VEUR	Verbenaceae	0			
1	1	0	Veronicastrum virginicum	VEVI4	Plantaginaceae	0			
1	1	1	Veratrum virginicum	VEVI5	Melanthiaceae	0			
1	1	0	Veratrum woodii	VEWO3	Liliaceae	0			
1	0	1	Viburnum acerifolium	VIAC	Adoxaceae	0			
1	0	1	Vitis aestivalis	VIAE	Vitaceae	0			
1	0	1	Viola affinis	VIAF2	Violaceae	0			
1	1	0	Viola canadensis	VICA4	Violaceae	0			
1	1	1	Vitis cinerea	VICI2	Vitaceae	0			
1	0	0	Viola cucullata	VICU	Violaceae	0			
1	0	0	Viburnum dentatum	VIDE	Adoxaceae	1			
1	0	1	Viburnum lantana	VILA	Adoxaceae	1			
1	0	1	Viburnum lentago	VILE	Adoxaceae	0			
1	0	1	Viola macloskeyi	VIMA2	Violaceae	0			
1	1	1	Vinca minor	VIMI2	Apocynaceae	1			
1	0	0	Viburnum opulus	VIOP	Adoxaceae	0			
1	1	1	Viburnum prunifolium	VIPR	Adoxaceae	0			
1	1	0	Viola pubescens	VIPU3	Violaceae	0			
1	1	1	Viburnum rafinesquianum	VIRA	Adoxaceae	0			
1	1	1	Vitis riparia	VIRI	Vitaceae	0			
1	0	1	Viola sagittata	VISA2	Violaceae	0			
1	1	1	Viola sororia	VISO	Violaceae	0			
1	1	1	Viola striata	VIST3	Violaceae	0			
1	1	1	Viola triloba	VITR2	Violaceae	0			
1	1	1	Vicia villosa	VIVI	Fabaceae	1			
1	1	1	Vitis vulpina	VIVU	Vitaceae	0			
1	0	1	Woodsia obtusa	WOOB2	Dryopteridaceae	0			
1	1	0	Xanthium strumarium	XAST	Asteraceae	0			
1	0	1	Yucca flaccida	YUFL2	Agavaceae	0			
1	1	0	Zanthoxylum americanum	ZAAM	Rutaceae	0			
1	0	1	Zannichellia palustris	ZAPA	Potamogetonaceae	0			
1	0	1	Zea mays	ZEMA	Poaceae	1			
1	1	1	Zizia aurea	ZIAU	Apiaceae	0			
